,date,symbol,open,close,low,high,volume,Close_Prediction
0,2010-01-06,ADBE,37.330002,37.619999,37.200001,37.740002,5336400.0,9.1847
1,2010-01-07,ADBE,37.41,36.889999,36.810001,37.59,5576700.0,9.154882
2,2010-01-08,ADBE,36.75,36.689999,36.34,36.970001,5429200.0,9.142729
3,2010-01-11,ADBE,36.68,36.209999,35.950001,36.77,4901400.0,9.144629
4,2010-01-12,ADBE,36.139999,35.66,35.380001,36.139999,5073900.0,9.221575
5,2010-01-13,ADBE,35.830002,36.279999,35.599998,36.360001,3660100.0,9.3269005
6,2010-01-14,ADBE,36.130001,35.900002,35.790001,36.509998,4536200.0,9.3942795
7,2010-01-15,ADBE,35.919998,35.869999,35.470001,36.209999,6732300.0,9.405359
8,2010-01-19,ADBE,35.869999,36.950001,35.810001,37.02,5964100.0,9.362579
9,2010-01-20,ADBE,36.369999,36.490002,35.619999,36.509998,6258500.0,9.420078
10,2010-01-21,ADBE,36.490002,35.82,35.459999,36.650002,7404400.0,9.43078
11,2010-01-22,ADBE,35.619999,34.380001,34.349998,35.82,7721300.0,9.547793
12,2010-01-25,ADBE,34.630001,34.16,33.970001,34.98,6961500.0,9.559087
13,2010-01-26,ADBE,33.810001,33.939999,33.619999,34.290001,5356300.0,9.4126215
14,2010-01-27,ADBE,33.68,33.139999,32.650002,33.68,9896900.0,9.370979
15,2010-01-28,ADBE,33.290001,32.889999,32.48,33.66,6417800.0,9.372698
16,2010-01-29,ADBE,32.950001,32.299999,32.169998,33.240002,8377800.0,9.354181
17,2010-02-01,ADBE,32.389999,32.48,32.060001,32.540001,8705500.0,9.286874
18,2010-02-02,ADBE,32.540001,32.98,32.310001,33.130001,5735700.0,9.3555155
19,2010-02-03,ADBE,32.849998,32.98,32.540001,33.43,6732000.0,9.513667
20,2010-02-04,ADBE,32.880001,32.240002,32.200001,32.959999,9450300.0,9.512893
21,2010-02-05,ADBE,32.43,32.77,31.85,32.799999,11881500.0,9.31908
22,2010-02-08,ADBE,32.77,32.049999,32.02,32.790001,8615600.0,9.120915
23,2010-02-09,ADBE,32.599998,32.310001,31.91,32.66,8047700.0,9.047755
24,2010-02-10,ADBE,33.450001,32.759998,32.57,33.549999,9592000.0,9.011422
25,2010-02-11,ADBE,32.599998,32.639999,32.279999,33.16,10125400.0,9.015387
26,2010-02-12,ADBE,32.25,31.450001,31.280001,32.279999,21221400.0,9.169869
27,2010-02-16,ADBE,31.5,31.809999,31.280001,31.870001,9113700.0,9.28611
28,2010-02-17,ADBE,32.16,32.330002,31.959999,32.43,9213000.0,9.327472
29,2010-02-18,ADBE,32.470001,33.240002,32.470001,33.330002,9614400.0,9.385302
30,2010-02-19,ADBE,33.799999,33.880001,33.560001,34.16,12324000.0,9.512328
31,2010-02-22,ADBE,34.209999,33.700001,33.509998,34.209999,6119800.0,9.616117
32,2010-02-23,ADBE,33.68,33.439999,33.200001,33.82,7906000.0,9.64398
33,2010-02-24,ADBE,33.630001,34.549999,33.560001,34.630001,9545200.0,9.599399
34,2010-02-25,ADBE,33.799999,34.560001,33.540001,34.59,7735500.0,9.611703
35,2010-02-26,ADBE,34.549999,34.650002,34.060001,34.700001,4792600.0,9.683408
36,2010-03-01,ADBE,34.630001,34.889999,34.529999,35.0,4965000.0,9.73193
37,2010-03-02,ADBE,34.68,34.740002,34.639999,35.099998,5603400.0,9.837647
38,2010-03-03,ADBE,34.869999,34.82,34.610001,35.150002,4098900.0,9.882462
39,2010-03-04,ADBE,34.880001,34.939999,34.580002,35.09,4440700.0,9.872608
40,2010-03-05,ADBE,35.080002,35.16,34.93,35.439999,8381900.0,9.888463
41,2010-03-08,ADBE,35.119999,35.060001,35.02,35.400002,3850100.0,10.036504
42,2010-03-09,ADBE,35.060001,35.119999,35.040001,35.619999,5486200.0,10.175463
43,2010-03-10,ADBE,35.27,35.150002,35.040001,35.349998,5969600.0,10.117449
44,2010-03-11,ADBE,35.07,35.220001,35.0,35.27,4371500.0,10.101741
45,2010-03-12,ADBE,35.220001,35.16,35.110001,35.27,6262400.0,10.206644
46,2010-03-15,ADBE,35.150002,35.490002,35.0,35.560001,3933100.0,10.214984
47,2010-03-16,ADBE,35.459999,35.02,34.93,35.68,5818800.0,10.230031
48,2010-03-17,ADBE,35.610001,35.490002,35.450001,36.080002,8350000.0,10.308272
49,2010-03-18,ADBE,35.720001,35.75,35.560001,35.950001,4227000.0,10.252599
50,2010-03-19,ADBE,35.860001,34.669998,34.5,35.950001,16351100.0,10.165133
51,2010-03-22,ADBE,34.610001,34.950001,34.599998,35.060001,4895900.0,10.02634
52,2010-03-23,ADBE,35.259998,35.220001,34.689999,35.419998,8504500.0,10.047565
53,2010-03-24,ADBE,37.119999,36.509998,36.48,37.299999,16778000.0,10.261252
54,2010-03-25,ADBE,36.66,35.869999,35.860001,36.790001,6566400.0,10.242837
55,2010-03-26,ADBE,35.849998,35.509998,35.25,36.110001,6049100.0,10.047694
56,2010-03-29,ADBE,35.599998,35.740002,35.599998,36.009998,5055700.0,9.993417
57,2010-03-30,ADBE,35.779999,35.68,35.290001,35.900002,3469800.0,10.035696
58,2010-03-31,ADBE,35.619999,35.369999,35.27,35.700001,4436700.0,10.029673
59,2010-04-01,ADBE,35.540001,35.740002,35.240002,35.880001,5467700.0,10.040552
60,2010-04-05,ADBE,35.68,35.990002,35.66,36.07,5267100.0,10.165367
61,2010-04-06,ADBE,35.560001,35.700001,35.549999,35.93,4211400.0,10.421953
62,2010-04-07,ADBE,35.560001,35.060001,34.950001,35.639999,6632100.0,10.519687
63,2010-04-08,ADBE,35.029999,34.939999,34.630001,35.080002,5726800.0,10.431263
64,2010-04-09,ADBE,34.57,35.470001,34.439999,35.470001,7205500.0,10.502494
65,2010-04-12,ADBE,35.419998,35.02,34.91,35.540001,5690600.0,10.60812
66,2010-04-13,ADBE,34.860001,34.75,34.509998,35.09,5825700.0,10.637242
67,2010-04-14,ADBE,34.630001,35.02,34.57,35.040001,5037400.0,10.638598
68,2010-04-15,ADBE,35.09,34.389999,34.169998,35.099998,9548000.0,10.666978
69,2010-04-16,ADBE,34.540001,34.0,33.529999,34.580002,12718300.0,10.678362
70,2010-04-19,ADBE,33.810001,33.82,33.32,34.200001,6817200.0,10.582322
71,2010-04-20,ADBE,34.189999,34.93,34.099998,35.139999,8632000.0,10.687722
72,2010-04-21,ADBE,34.799999,34.919998,34.790001,35.09,6889200.0,10.846906
73,2010-04-22,ADBE,35.41,35.970001,35.0,36.02,11650000.0,10.797264
74,2010-04-23,ADBE,35.84,36.25,35.720001,36.290001,6528500.0,10.679718
75,2010-04-26,ADBE,36.209999,36.150002,35.990002,36.349998,5610500.0,11.001981
76,2010-04-27,ADBE,35.91,35.34,35.189999,36.0,6938700.0,11.344014
77,2010-04-28,ADBE,35.48,35.470001,35.049999,35.610001,5290000.0,11.118352
78,2010-04-29,ADBE,35.27,34.959999,34.540001,35.560001,10958300.0,11.041536
79,2010-04-30,ADBE,34.970001,33.599998,33.560001,34.990002,12735800.0,11.203581
80,2010-05-03,ADBE,33.68,33.59,33.400002,33.959999,8863200.0,11.108693
81,2010-05-04,ADBE,33.119999,33.139999,32.220001,33.169998,11030000.0,11.053609
82,2010-05-05,ADBE,32.68,32.959999,32.540001,33.580002,12226200.0,10.913628
83,2010-05-06,ADBE,32.799999,32.490002,30.24,33.740002,14650200.0,10.666713
84,2010-05-07,ADBE,32.759998,32.419998,31.68,32.959999,14897300.0,10.435318
85,2010-05-10,ADBE,32.75,34.279999,32.75,34.290001,11416600.0,10.161197
86,2010-05-11,ADBE,33.950001,33.799999,33.700001,34.380001,6929000.0,10.222269
87,2010-05-12,ADBE,34.119999,34.799999,34.060001,34.93,7973900.0,10.357108
88,2010-05-13,ADBE,34.790001,34.41,34.360001,35.400002,4958000.0,10.380993
89,2010-05-14,ADBE,34.240002,33.720001,33.259998,34.400002,6832100.0,10.461873
90,2010-05-17,ADBE,33.98,33.810001,33.18,34.220001,6235300.0,10.382095
91,2010-05-18,ADBE,33.720001,33.279999,33.040001,34.310001,6208900.0,10.312571
92,2010-05-19,ADBE,33.220001,32.880001,32.529999,33.66,6098200.0,10.303557
93,2010-05-20,ADBE,32.200001,31.74,31.620001,32.549999,8094200.0,10.090198
94,2010-05-21,ADBE,31.15,32.18,30.969999,32.330002,7758200.0,9.735738
95,2010-05-24,ADBE,31.82,31.629999,31.610001,32.169998,6543800.0,9.606323
96,2010-05-25,ADBE,30.75,31.549999,30.48,31.559999,6368800.0,9.528793
97,2010-05-26,ADBE,31.65,30.940001,30.799999,31.719999,8820600.0,9.4895315
98,2010-05-27,ADBE,31.51,32.200001,31.389999,32.209999,7496400.0,9.498335
99,2010-05-28,ADBE,32.189999,32.080002,31.690001,32.419998,8778900.0,9.660339
100,2010-06-01,ADBE,32.360001,32.130001,32.099998,33.040001,9744400.0,9.768725
101,2010-06-02,ADBE,32.27,32.939999,31.790001,32.970001,7213700.0,9.561578
102,2010-06-03,ADBE,32.919998,32.900002,32.650002,33.16,8847400.0,9.54434
103,2010-06-04,ADBE,32.150002,31.59,31.49,32.470001,8507500.0,9.66398
104,2010-06-07,ADBE,31.700001,31.059999,30.940001,31.74,8385500.0,9.51748
105,2010-06-08,ADBE,31.15,31.0,30.6,31.26,7767400.0,9.266685
106,2010-06-09,ADBE,31.139999,30.73,30.629999,31.52,5808400.0,9.147668
107,2010-06-10,ADBE,31.34,31.719999,30.83,31.76,5666800.0,9.0968275
108,2010-06-11,ADBE,31.209999,31.73,31.16,31.84,7233200.0,9.293145
109,2010-06-14,ADBE,32.0,31.700001,31.639999,32.380001,5240100.0,9.485508
110,2010-06-15,ADBE,31.889999,32.509998,31.780001,32.619999,5930200.0,9.540311
111,2010-06-16,ADBE,32.380001,32.439999,32.220001,32.59,4614500.0,9.718843
112,2010-06-17,ADBE,32.619999,33.119999,32.599998,33.220001,7250700.0,9.823919
113,2010-06-18,ADBE,33.119999,33.52,33.040001,34.0,9514000.0,9.825082
114,2010-06-21,ADBE,33.77,33.130001,32.93,33.959999,5762500.0,9.819672
115,2010-06-22,ADBE,33.34,32.759998,32.68,33.77,9593600.0,9.774708
116,2010-06-23,ADBE,32.349998,30.379999,30.18,32.419998,35847400.0,9.652233
117,2010-06-24,ADBE,30.360001,30.26,30.1,30.809999,20287000.0,9.525542
118,2010-06-25,ADBE,30.43,29.85,29.690001,30.57,15030600.0,9.380332
119,2010-06-28,ADBE,29.85,28.719999,28.709999,30.09,14508100.0,9.277158
120,2010-06-29,ADBE,28.370001,26.9,26.76,28.370001,22062500.0,9.253737
121,2010-06-30,ADBE,26.82,26.43,26.32,27.200001,17468400.0,9.088306
122,2010-07-01,ADBE,26.52,26.66,26.01,26.879999,15728500.0,8.830851
123,2010-07-02,ADBE,26.690001,26.73,26.33,26.99,10420400.0,8.694786
124,2010-07-06,ADBE,27.18,26.34,26.040001,27.370001,13509200.0,8.678086
125,2010-07-07,ADBE,26.34,26.790001,26.200001,26.85,11753300.0,8.652234
126,2010-07-08,ADBE,26.959999,26.85,26.42,27.049999,8852000.0,8.710325
127,2010-07-09,ADBE,26.860001,27.200001,26.709999,27.24,5317000.0,8.80598
128,2010-07-12,ADBE,27.27,27.09,26.940001,27.610001,7012700.0,8.844566
129,2010-07-13,ADBE,27.35,28.110001,27.24,28.43,13577900.0,8.937138
130,2010-07-14,ADBE,28.17,28.030001,27.67,28.42,9457100.0,9.09757
131,2010-07-15,ADBE,27.940001,28.219999,27.719999,28.299999,4838200.0,9.172163
132,2010-07-16,ADBE,28.27,27.389999,27.209999,28.290001,7254200.0,9.164944
133,2010-07-19,ADBE,27.5,27.67,27.290001,27.799999,5151900.0,9.035652
134,2010-07-20,ADBE,27.18,27.870001,26.940001,27.870001,5690600.0,8.982479
135,2010-07-21,ADBE,27.940001,27.67,27.52,28.280001,8314700.0,9.045292
136,2010-07-22,ADBE,27.91,28.58,27.799999,28.74,6138500.0,9.031099
137,2010-07-23,ADBE,28.6,29.23,28.540001,29.35,7703200.0,9.268375
138,2010-07-26,ADBE,29.15,29.17,28.809999,29.280001,5061800.0,9.586165
139,2010-07-27,ADBE,29.200001,29.219999,28.83,29.389999,5175400.0,9.785149
140,2010-07-28,ADBE,29.110001,28.690001,28.59,29.370001,4451700.0,9.904905
141,2010-07-29,ADBE,28.75,28.700001,28.379999,29.1,5320300.0,9.898319
142,2010-07-30,ADBE,28.4,28.719999,28.110001,28.84,4531500.0,9.926779
143,2010-08-02,ADBE,29.110001,29.6,28.9,29.76,5584700.0,10.01417
144,2010-08-03,ADBE,29.48,29.120001,28.93,29.49,5651900.0,10.088911
145,2010-08-04,ADBE,29.139999,29.700001,29.059999,29.75,6700600.0,10.045762
146,2010-08-05,ADBE,29.41,29.440001,29.24,29.639999,4612600.0,10.021539
147,2010-08-06,ADBE,29.059999,29.23,28.73,29.42,5149200.0,10.012011
148,2010-08-09,ADBE,29.4,29.52,29.120001,29.540001,3483400.0,9.953871
149,2010-08-10,ADBE,29.23,29.17,28.76,29.41,4063200.0,10.003701
150,2010-08-11,ADBE,28.83,28.25,28.23,28.85,7505800.0,10.007158
151,2010-08-12,ADBE,27.799999,28.08,27.76,28.33,7694000.0,9.810373
152,2010-08-13,ADBE,27.92,28.01,27.860001,28.34,6625500.0,9.610344
153,2010-08-16,ADBE,27.82,27.360001,27.209999,27.84,6334500.0,9.510405
154,2010-08-17,ADBE,27.5,27.959999,27.42,28.07,6817500.0,9.48187
155,2010-08-18,ADBE,27.790001,28.1,27.49,28.27,4006400.0,9.578296
156,2010-08-19,ADBE,27.870001,27.690001,27.27,28.139999,5126700.0,9.667055
157,2010-08-20,ADBE,27.74,27.92,27.41,28.040001,5253800.0,9.585572
158,2010-08-23,ADBE,28.09,27.82,27.629999,28.379999,4413600.0,9.475358
159,2010-08-24,ADBE,27.559999,27.93,27.290001,28.059999,7822400.0,9.374796
160,2010-08-25,ADBE,27.59,27.48,27.42,27.799999,12706000.0,9.170839
161,2010-08-26,ADBE,27.65,27.379999,27.120001,27.780001,12818200.0,9.102506
162,2010-08-27,ADBE,27.48,27.98,27.02,28.059999,7342400.0,9.099293
163,2010-08-30,ADBE,27.790001,27.790001,27.629999,28.1,4870300.0,9.126971
164,2010-08-31,ADBE,27.73,27.700001,27.5,27.969999,8491100.0,9.113138
165,2010-09-01,ADBE,28.139999,28.85,27.889999,28.9,6116300.0,9.044157
166,2010-09-02,ADBE,29.0,29.42,28.860001,29.42,6125600.0,9.194947
167,2010-09-03,ADBE,29.66,29.49,29.25,29.91,6035600.0,9.3749895
168,2010-09-07,ADBE,29.48,29.17,29.1,29.57,4154100.0,9.482255
169,2010-09-08,ADBE,29.32,29.309999,29.23,29.620001,5205600.0,9.460427
170,2010-09-09,ADBE,31.9,32.860001,31.299999,33.23,38740500.0,9.412431
171,2010-09-10,ADBE,32.560001,32.200001,31.860001,32.639999,15942400.0,9.510603
172,2010-09-13,ADBE,32.290001,32.240002,31.959999,32.549999,6416700.0,9.567158
173,2010-09-14,ADBE,32.080002,32.470001,32.080002,32.869999,6011200.0,9.852743
174,2010-09-15,ADBE,32.259998,32.759998,32.139999,32.77,4407300.0,10.020724
175,2010-09-16,ADBE,32.759998,32.849998,32.619999,33.130001,6240400.0,10.007385
176,2010-09-17,ADBE,33.130001,32.779999,32.669998,33.380001,11075400.0,10.191077
177,2010-09-20,ADBE,33.34,33.110001,32.880001,33.5,8431600.0,10.323701
178,2010-09-21,ADBE,33.66,32.939999,32.84,33.68,24824300.0,10.454256
179,2010-09-22,ADBE,25.889999,26.67,25.809999,26.85,108752400.0,10.512234
180,2010-09-23,ADBE,26.58,26.41,26.290001,26.84,31770800.0,10.44851
181,2010-09-24,ADBE,26.68,26.879999,26.42,26.92,23950500.0,10.405236
182,2010-09-27,ADBE,26.879999,26.879999,26.629999,27.08,11294500.0,10.545695
183,2010-09-28,ADBE,26.91,26.280001,26.129999,26.92,25302600.0,10.671478
184,2010-09-29,ADBE,26.27,26.040001,26.0,26.34,14196200.0,10.685677
185,2010-09-30,ADBE,26.25,26.15,25.700001,26.32,17408200.0,10.591735
186,2010-10-01,ADBE,26.309999,26.27,26.15,26.49,8923400.0,10.520704
187,2010-10-04,ADBE,26.139999,25.6,25.559999,26.4,12822500.0,10.607953
188,2010-10-05,ADBE,25.790001,25.77,25.66,26.0,14809600.0,10.638003
189,2010-10-06,ADBE,26.0,25.73,25.5,26.1,12636900.0,10.73698
190,2010-10-07,ADBE,25.799999,28.690001,25.450001,30.0,66892700.0,10.85066
191,2010-10-08,ADBE,27.52,26.99,26.860001,27.65,44108800.0,10.858168
192,2010-10-11,ADBE,27.049999,27.25,26.99,27.49,10459000.0,10.949678
193,2010-10-12,ADBE,27.23,27.66,27.02,27.780001,10274400.0,11.06809
194,2010-10-13,ADBE,27.780001,27.709999,27.530001,28.0,9441600.0,11.154594
195,2010-10-14,ADBE,27.85,27.49,27.200001,28.0,7435600.0,11.164878
196,2010-10-15,ADBE,27.620001,28.08,27.299999,28.35,20402000.0,11.112763
197,2010-10-18,ADBE,27.799999,28.059999,27.48,28.190001,8068200.0,11.107024
198,2010-10-19,ADBE,27.68,27.58,27.32,27.940001,9833100.0,11.188454
199,2010-10-20,ADBE,27.709999,28.209999,27.459999,28.4,9200400.0,11.126206
200,2010-10-21,ADBE,28.32,27.700001,27.26,28.35,9217600.0,11.08619
201,2010-10-22,ADBE,27.75,28.209999,27.58,28.25,6902100.0,11.195413
202,2010-10-25,ADBE,28.200001,28.200001,27.85,28.4,13727400.0,11.333089
203,2010-10-26,ADBE,28.040001,28.139999,27.950001,28.77,12548300.0,11.492164
204,2010-10-27,ADBE,27.950001,28.17,27.799999,28.23,10814600.0,11.512095
205,2010-10-28,ADBE,28.27,28.1,27.950001,28.299999,9750800.0,11.496728
206,2010-10-29,ADBE,28.16,28.15,28.030001,28.360001,6211500.0,11.5770035
207,2010-11-01,ADBE,28.290001,28.219999,28.0,28.48,5394700.0,11.63542
208,2010-11-02,ADBE,28.379999,29.02,28.200001,29.15,9643100.0,11.60322
209,2010-11-03,ADBE,29.02,28.799999,28.52,29.09,6423800.0,11.61757
210,2010-11-04,ADBE,29.110001,29.459999,29.07,29.49,6191500.0,11.650682
211,2010-11-05,ADBE,29.43,29.139999,29.07,29.709999,7584300.0,11.744987
212,2010-11-08,ADBE,29.0,29.290001,28.879999,29.35,5143300.0,11.819671
213,2010-11-09,ADBE,29.4,29.49,29.34,29.85,6304600.0,11.732721
214,2010-11-10,ADBE,29.540001,29.790001,29.35,29.9,6356400.0,11.685507
215,2010-11-11,ADBE,29.370001,29.940001,29.18,29.950001,6408600.0,11.612211
216,2010-11-12,ADBE,29.690001,29.540001,29.15,29.85,8462900.0,11.478614
217,2010-11-15,ADBE,29.57,29.51,29.4,29.82,5192200.0,11.3631315
218,2010-11-16,ADBE,29.23,29.02,28.889999,29.49,7979500.0,11.315046
219,2010-11-17,ADBE,28.969999,28.9,28.66,29.280001,6688200.0,11.199654
220,2010-11-18,ADBE,29.26,28.68,28.68,29.469999,6761500.0,11.1420555
221,2010-11-19,ADBE,28.66,28.860001,28.620001,29.200001,6047700.0,11.390147
222,2010-11-22,ADBE,28.719999,29.18,28.549999,29.23,4450100.0,11.599873
223,2010-11-23,ADBE,28.799999,28.190001,27.49,28.799999,14184600.0,11.644274
224,2010-11-24,ADBE,28.32,28.4,28.25,28.77,7025500.0,11.562201
225,2010-11-26,ADBE,28.120001,28.719999,27.98,28.790001,2658300.0,11.611014
226,2010-11-29,ADBE,28.4,28.360001,27.98,28.67,4553500.0,11.707813
227,2010-11-30,ADBE,27.969999,27.799999,27.66,28.129999,5831600.0,11.621674
228,2010-12-01,ADBE,28.15,28.370001,28.129999,28.58,6306700.0,11.498851
229,2010-12-02,ADBE,28.48,29.1,28.360001,29.129999,5769700.0,11.578073
230,2010-12-03,ADBE,28.91,29.139999,28.91,29.280001,4868200.0,11.696965
231,2010-12-06,ADBE,29.02,29.23,28.860001,29.42,6059700.0,11.727388
232,2010-12-07,ADBE,29.5,29.02,28.889999,29.549999,7598300.0,11.737016
233,2010-12-08,ADBE,29.030001,29.209999,29.0,29.280001,4880400.0,11.752166
234,2010-12-09,ADBE,29.43,28.6,28.48,29.49,10393700.0,11.801758
235,2010-12-10,ADBE,28.629999,28.709999,28.379999,28.809999,5346100.0,11.864739
236,2010-12-13,ADBE,28.58,27.809999,27.799999,28.690001,8839200.0,11.894792
237,2010-12-14,ADBE,27.860001,28.15,27.67,28.18,6546500.0,11.855371
238,2010-12-15,ADBE,28.059999,27.719999,27.68,28.43,6462500.0,11.815843
239,2010-12-16,ADBE,27.809999,28.52,27.51,28.52,7665700.0,11.675091
240,2010-12-17,ADBE,28.57,28.790001,28.379999,28.959999,11646400.0,11.653594
241,2010-12-20,ADBE,29.01,29.18,28.98,29.42,11973600.0,11.7072
242,2010-12-21,ADBE,30.98,30.93,30.280001,31.15,23465600.0,11.706444
243,2010-12-22,ADBE,30.85,30.65,30.299999,30.889999,6343500.0,11.765479
244,2010-12-23,ADBE,30.540001,30.85,30.540001,30.879999,3027200.0,11.742208
245,2010-12-27,ADBE,30.700001,30.950001,30.620001,31.040001,2920300.0,11.661519
246,2010-12-28,ADBE,31.120001,30.92,30.690001,31.17,3748400.0,11.608255
247,2010-12-29,ADBE,30.93,30.969999,30.84,31.120001,2662600.0,11.563277
248,2010-12-30,ADBE,30.92,30.57,30.57,31.1,3435500.0,11.561911
249,2010-12-31,ADBE,30.52,30.780001,30.42,30.799999,2841300.0,11.515291
250,2011-01-03,ADBE,30.83,31.290001,30.790001,31.48,6245500.0,11.479684
251,2011-01-04,ADBE,31.280001,31.51,31.18,31.65,8038100.0,11.578835
252,2011-01-05,ADBE,31.48,32.220001,31.42,32.240002,7143500.0,11.514214
253,2011-01-06,ADBE,32.130001,32.27,31.879999,32.290001,6230900.0,11.422817
254,2011-01-07,ADBE,32.18,32.040001,31.5,32.220001,6828500.0,11.445616
255,2011-01-10,ADBE,32.299999,32.959999,31.950001,33.099998,10377900.0,11.375122
256,2011-01-11,ADBE,33.130001,32.98,32.66,33.259998,7110600.0,11.362829
257,2011-01-12,ADBE,33.139999,33.57,33.060001,33.740002,7319100.0,11.435432
258,2011-01-13,ADBE,33.580002,33.380001,33.07,33.720001,7594800.0,11.4840975
259,2011-01-14,ADBE,33.41,33.790001,33.32,33.919998,5767300.0,11.410502
260,2011-01-18,ADBE,33.549999,34.18,33.540001,34.299999,5722100.0,11.462953
261,2011-01-19,ADBE,34.119999,33.91,33.639999,34.25,5899200.0,11.608109
262,2011-01-20,ADBE,33.66,33.490002,32.68,33.75,8531800.0,11.568454
263,2011-01-21,ADBE,33.790001,33.27,33.189999,33.919998,5714800.0,11.339453
264,2011-01-24,ADBE,33.360001,34.029999,33.279999,34.130001,7387900.0,11.187402
265,2011-01-25,ADBE,32.98,33.560001,32.98,33.709999,8191400.0,11.223099
266,2011-01-26,ADBE,33.360001,33.52,33.34,33.889999,5913500.0,11.331877
267,2011-01-27,ADBE,33.48,33.849998,33.439999,34.0,4679400.0,11.01474
268,2011-01-28,ADBE,33.93,32.490002,32.34,33.990002,6506700.0,10.801121
269,2011-01-31,ADBE,32.599998,33.049999,32.57,33.130001,5390600.0,10.794273
270,2011-02-01,ADBE,33.25,33.509998,33.220001,33.860001,4738000.0,10.734761
271,2011-02-02,ADBE,33.290001,33.43,33.290001,33.990002,3046100.0,10.87406
272,2011-02-03,ADBE,33.27,33.529999,32.98,33.599998,3043800.0,10.963089
273,2011-02-04,ADBE,33.57,33.360001,33.169998,33.720001,6534800.0,10.977383
274,2011-02-07,ADBE,33.48,33.560001,33.349998,33.689999,3679400.0,10.970015
275,2011-02-08,ADBE,33.630001,33.57,33.200001,33.650002,2074900.0,10.960526
276,2011-02-09,ADBE,33.470001,33.009998,32.720001,33.490002,4327600.0,10.958726
277,2011-02-10,ADBE,32.860001,33.57,32.759998,33.57,4010800.0,10.9648905
278,2011-02-11,ADBE,33.419998,33.669998,33.099998,33.68,3113400.0,10.958125
279,2011-02-14,ADBE,33.700001,33.860001,33.610001,34.0,2746300.0,10.996047
280,2011-02-15,ADBE,33.68,33.939999,33.470001,34.0,3145600.0,11.0712595
281,2011-02-16,ADBE,34.0,34.689999,33.900002,35.18,7727900.0,11.111401
282,2011-02-17,ADBE,34.48,34.98,34.419998,35.099998,4395700.0,11.25806
283,2011-02-18,ADBE,35.099998,35.389999,35.0,35.84,6779700.0,11.371786
284,2011-02-22,ADBE,34.93,33.740002,33.720001,35.130001,6549600.0,11.349779
285,2011-02-23,ADBE,33.700001,33.380001,32.93,33.740002,4734100.0,11.133304
286,2011-02-24,ADBE,33.349998,33.450001,32.939999,33.630001,3965500.0,10.880859
287,2011-02-25,ADBE,34.150002,34.630001,34.139999,34.939999,5620300.0,10.779119
288,2011-02-28,ADBE,34.68,34.5,34.16,35.0,4936900.0,10.800689
289,2011-03-01,ADBE,34.73,33.970001,33.669998,34.790001,5908400.0,10.855012
290,2011-03-02,ADBE,33.939999,34.48,33.91,34.82,4562000.0,10.80971
291,2011-03-03,ADBE,34.82,35.049999,34.799999,35.349998,3148200.0,10.726243
292,2011-03-04,ADBE,34.939999,35.27,34.700001,35.5,4005900.0,10.752726
293,2011-03-07,ADBE,35.450001,34.720001,34.25,35.599998,5003600.0,10.723259
294,2011-03-08,ADBE,34.799999,35.290001,34.439999,35.66,3783800.0,10.612617
295,2011-03-09,ADBE,35.169998,35.130001,35.02,35.630001,3435800.0,10.653213
296,2011-03-10,ADBE,34.68,34.860001,34.150002,35.16,5265900.0,10.681505
297,2011-03-11,ADBE,34.700001,34.610001,33.959999,34.869999,5058900.0,10.582916
298,2011-03-14,ADBE,34.220001,34.080002,33.52,34.450001,5577100.0,10.557228
299,2011-03-15,ADBE,32.450001,33.040001,32.16,33.240002,6682500.0,10.553071
300,2011-03-16,ADBE,32.68,32.09,31.790001,32.799999,8168600.0,10.462212
301,2011-03-17,ADBE,32.57,31.84,31.530001,32.57,9127200.0,10.273062
302,2011-03-18,ADBE,32.110001,31.99,31.93,32.400002,6921600.0,10.274135
303,2011-03-21,ADBE,32.310001,32.34,32.110001,32.849998,5670300.0,10.365716
304,2011-03-22,ADBE,32.34,32.880001,32.279999,33.040001,11264800.0,10.414272
305,2011-03-23,ADBE,32.610001,31.68,30.76,32.720001,17689600.0,10.415206
306,2011-03-24,ADBE,31.73,32.59,31.73,32.709999,11754200.0,10.41309
307,2011-03-25,ADBE,32.810001,32.639999,32.490002,32.919998,8997300.0,10.459505
308,2011-03-28,ADBE,32.810001,32.43,32.330002,32.810001,5639400.0,10.647945
309,2011-03-29,ADBE,32.450001,32.619999,32.27,32.880001,8032300.0,10.788408
310,2011-03-30,ADBE,32.790001,32.950001,32.720001,33.060001,7082600.0,10.781509
311,2011-03-31,ADBE,32.880001,33.16,32.799999,33.299999,7720000.0,10.789603
312,2011-04-01,ADBE,33.529999,34.16,33.34,34.639999,10489700.0,10.789005
313,2011-04-04,ADBE,34.259998,34.369999,34.23,34.580002,5498500.0,10.885329
314,2011-04-05,ADBE,34.200001,34.18,34.060001,34.419998,5494500.0,10.954362
315,2011-04-06,ADBE,34.439999,34.240002,33.810001,34.549999,5304300.0,10.939317
316,2011-04-07,ADBE,34.110001,34.48,34.080002,34.59,5318800.0,10.943678
317,2011-04-08,ADBE,34.619999,34.150002,33.950001,34.68,4721400.0,10.94744
318,2011-04-11,ADBE,34.200001,34.380001,34.189999,34.709999,6796900.0,10.882058
319,2011-04-12,ADBE,34.209999,34.09,33.869999,34.290001,4631700.0,10.864917
320,2011-04-13,ADBE,34.299999,34.209999,33.790001,34.439999,5072100.0,10.885654
321,2011-04-14,ADBE,33.900002,34.330002,33.830002,34.52,4628700.0,10.861323
322,2011-04-15,ADBE,34.41,34.509998,34.240002,34.73,6120900.0,10.858767
323,2011-04-18,ADBE,34.07,33.849998,33.290001,34.139999,5449000.0,10.857569
324,2011-04-19,ADBE,33.849998,33.650002,33.580002,34.02,4723300.0,10.823954
325,2011-04-20,ADBE,33.48,33.689999,33.299999,34.0,9636500.0,10.749307
326,2011-04-21,ADBE,33.689999,33.48,33.380001,33.759998,6779600.0,10.83472
327,2011-04-25,ADBE,33.580002,33.23,33.139999,33.720001,5236400.0,10.673476
328,2011-04-26,ADBE,33.279999,33.130001,32.91,33.349998,7700000.0,10.356688
329,2011-04-27,ADBE,33.139999,33.650002,33.07,33.689999,5092200.0,10.307682
330,2011-04-28,ADBE,33.639999,34.02,33.639999,34.139999,3300000.0,10.339136
331,2011-04-29,ADBE,34.049999,33.549999,33.470001,34.119999,5228700.0,10.358879
332,2011-05-02,ADBE,33.68,33.549999,33.459999,33.950001,3500800.0,10.3490925
333,2011-05-03,ADBE,33.459999,33.490002,33.099998,33.700001,3000000.0,10.342848
334,2011-05-04,ADBE,33.41,33.220001,33.0,33.580002,3903300.0,10.384708
335,2011-05-05,ADBE,33.119999,32.939999,32.75,33.389999,3500000.0,10.38429
336,2011-05-06,ADBE,33.32,33.400002,33.09,33.880001,4903100.0,10.371202
337,2011-05-09,ADBE,33.34,33.970001,33.240002,34.25,5395100.0,10.425428
338,2011-05-10,ADBE,34.099998,34.75,34.009998,34.860001,4194200.0,10.4324465
339,2011-05-11,ADBE,35.0,35.400002,34.919998,35.990002,8700000.0,10.5272255
340,2011-05-12,ADBE,35.32,35.860001,35.18,35.889999,6100000.0,10.549509
341,2011-05-13,ADBE,35.75,35.330002,35.209999,35.849998,4072300.0,10.49166
342,2011-05-16,ADBE,35.130001,34.389999,34.34,35.360001,3879500.0,10.463989
343,2011-05-17,ADBE,34.389999,34.720001,34.209999,34.970001,5348600.0,10.413261
344,2011-05-18,ADBE,34.599998,34.869999,34.43,34.950001,2209800.0,10.355337
345,2011-05-19,ADBE,34.98,35.41,34.869999,35.509998,4252800.0,10.399992
346,2011-05-20,ADBE,35.459999,35.310001,35.209999,35.669998,3246700.0,10.470673
347,2011-05-23,ADBE,34.720001,34.43,34.169998,34.810001,3605300.0,10.405997
348,2011-05-24,ADBE,34.560001,34.139999,33.990002,34.689999,2807100.0,10.290074
349,2011-05-25,ADBE,34.099998,34.130001,33.939999,34.369999,2961300.0,10.186733
350,2011-05-26,ADBE,34.07,34.540001,33.959999,34.630001,2789400.0,10.133807
351,2011-05-27,ADBE,34.459999,34.290001,34.080002,34.560001,4040100.0,10.190669
352,2011-05-31,ADBE,34.610001,34.630001,34.41,34.84,3938000.0,10.254781
353,2011-06-01,ADBE,34.529999,34.119999,34.110001,34.82,3569400.0,10.352459
354,2011-06-02,ADBE,34.07,34.259998,33.720001,34.279999,6012000.0,10.340067
355,2011-06-03,ADBE,33.799999,33.27,33.259998,33.93,3930000.0,10.283665
356,2011-06-06,ADBE,33.200001,32.84,32.82,33.41,3075400.0,10.280721
357,2011-06-07,ADBE,33.0,33.009998,32.669998,33.310001,4301800.0,10.159262
358,2011-06-08,ADBE,32.869999,32.240002,32.200001,33.009998,4481300.0,10.002306
359,2011-06-09,ADBE,32.349998,32.220001,32.049999,32.48,3550600.0,9.883805
360,2011-06-10,ADBE,32.23,31.67,31.58,32.23,5023200.0,9.874936
361,2011-06-13,ADBE,31.67,31.66,31.58,31.93,3756300.0,9.843605
362,2011-06-14,ADBE,31.950001,32.09,31.799999,32.52,4762700.0,9.89119
363,2011-06-15,ADBE,31.74,31.129999,31.07,31.809999,5132500.0,10.0599785
364,2011-06-16,ADBE,31.09,30.799999,30.43,31.24,5988200.0,10.0451765
365,2011-06-17,ADBE,31.33,30.469999,30.440001,31.33,10549200.0,10.009316
366,2011-06-20,ADBE,30.27,30.950001,30.26,31.09,8884600.0,10.0943575
367,2011-06-21,ADBE,31.200001,32.009998,31.15,32.029999,9031900.0,10.150934
368,2011-06-22,ADBE,30.299999,30.01,29.780001,30.77,22453100.0,10.205469
369,2011-06-23,ADBE,29.67,30.440001,29.629999,30.48,8866400.0,10.250487
370,2011-06-24,ADBE,30.27,29.969999,29.73,30.34,8299100.0,10.28855
371,2011-06-27,ADBE,29.84,30.889999,29.82,31.129999,7080400.0,10.240899
372,2011-06-28,ADBE,31.030001,30.790001,30.709999,31.030001,5469600.0,10.18286
373,2011-06-29,ADBE,30.950001,31.15,30.879999,31.26,5023600.0,10.267487
374,2011-06-30,ADBE,31.209999,31.450001,31.049999,31.6,5519700.0,10.403119
375,2011-07-01,ADBE,31.33,31.530001,31.24,31.65,4218400.0,10.531716
376,2011-07-05,ADBE,31.42,31.52,31.24,31.6,3513400.0,10.721406
377,2011-07-06,ADBE,31.52,31.65,31.450001,31.790001,2873100.0,10.77298
378,2011-07-07,ADBE,31.85,32.07,31.76,32.349998,4938000.0,10.720546
379,2011-07-08,ADBE,31.799999,31.540001,31.120001,32.0,4917600.0,10.76831
380,2011-07-11,ADBE,31.18,30.98,30.76,31.33,3725400.0,10.800853
381,2011-07-12,ADBE,30.799999,30.35,30.23,30.799999,5665300.0,10.615485
382,2011-07-13,ADBE,30.52,30.07,29.969999,30.77,5277400.0,10.441071
383,2011-07-14,ADBE,30.120001,29.35,29.25,30.219999,7159600.0,10.431093
384,2011-07-15,ADBE,29.43,29.290001,29.02,29.57,5232800.0,10.373905
385,2011-07-18,ADBE,29.18,28.77,28.34,29.18,5789500.0,10.292432
386,2011-07-19,ADBE,29.02,29.4,28.93,29.629999,4944300.0,10.231556
387,2011-07-20,ADBE,29.4,29.16,29.030001,29.450001,3747600.0,10.314163
388,2011-07-21,ADBE,29.219999,29.559999,29.17,30.030001,6380700.0,10.358459
389,2011-07-22,ADBE,29.690001,29.719999,29.1,29.85,5349400.0,10.413508
390,2011-07-25,ADBE,29.559999,29.65,29.32,29.83,3673100.0,10.407939
391,2011-07-26,ADBE,29.67,29.629999,29.35,29.85,2910600.0,10.248895
392,2011-07-27,ADBE,29.459999,28.5,28.459999,29.48,6108100.0,10.135156
393,2011-07-28,ADBE,28.43,28.02,28.0,28.66,9289100.0,10.004821
394,2011-07-29,ADBE,28.0,27.709999,27.629999,28.15,8024200.0,9.859448
395,2011-08-01,ADBE,27.950001,27.67,27.23,28.040001,6798000.0,9.762561
396,2011-08-02,ADBE,27.51,27.030001,27.01,27.75,4707900.0,9.644928
397,2011-08-03,ADBE,27.120001,27.370001,26.57,27.41,4832100.0,9.441293
398,2011-08-04,ADBE,26.91,26.15,26.120001,27.120001,11350400.0,9.362389
399,2011-08-05,ADBE,26.4,25.620001,25.16,26.5,14940600.0,9.252977
400,2011-08-08,ADBE,24.77,23.91,23.91,25.209999,11923600.0,9.117116
401,2011-08-09,ADBE,24.09,24.809999,23.200001,24.85,12034700.0,8.758112
402,2011-08-10,ADBE,24.25,22.799999,22.75,24.370001,14534600.0,8.656098
403,2011-08-11,ADBE,22.98,24.0,22.67,24.33,14533400.0,8.633922
404,2011-08-12,ADBE,23.879999,24.1,23.780001,24.27,7304800.0,8.58555
405,2011-08-15,ADBE,24.16,24.65,24.15,24.65,4258500.0,8.693462
406,2011-08-16,ADBE,24.33,24.629999,24.219999,24.76,7402600.0,8.808027
407,2011-08-17,ADBE,24.57,24.559999,24.309999,25.15,5754300.0,8.880374
408,2011-08-18,ADBE,23.799999,23.280001,23.0,23.85,10522500.0,8.895635
409,2011-08-19,ADBE,23.049999,22.690001,22.67,23.68,7304500.0,8.663721
410,2011-08-22,ADBE,23.190001,23.17,22.84,23.360001,6028400.0,8.298181
411,2011-08-23,ADBE,23.299999,23.780001,23.18,23.780001,6317800.0,8.213299
412,2011-08-24,ADBE,23.74,24.1,23.450001,24.139999,5972600.0,8.333316
413,2011-08-25,ADBE,24.290001,23.870001,23.75,24.459999,6834100.0,8.495628
414,2011-08-26,ADBE,23.82,24.540001,23.549999,24.75,4268400.0,8.442974
415,2011-08-29,ADBE,24.959999,25.52,24.84,25.58,3896000.0,8.411667
416,2011-08-30,ADBE,25.200001,25.190001,24.9,25.389999,5029900.0,8.61791
417,2011-08-31,ADBE,25.35,25.24,25.040001,25.870001,5257300.0,8.743201
418,2011-09-01,ADBE,25.35,24.77,24.690001,25.43,4679400.0,8.841912
419,2011-09-02,ADBE,24.290001,24.15,23.77,24.32,6477100.0,8.845528
420,2011-09-06,ADBE,23.459999,23.74,23.200001,23.809999,5579700.0,8.694987
421,2011-09-07,ADBE,24.1,25.299999,24.02,25.34,7951500.0,8.582609
422,2011-09-08,ADBE,25.23,24.99,24.860001,25.25,5993400.0,8.637587
423,2011-09-09,ADBE,24.73,24.639999,24.43,25.1,6805600.0,8.637637
424,2011-09-12,ADBE,24.32,25.200001,24.24,25.23,6505500.0,8.39414
425,2011-09-13,ADBE,25.25,25.18,24.860001,25.440001,7253900.0,8.28885
426,2011-09-14,ADBE,25.360001,25.76,24.99,26.1,5069300.0,8.391894
427,2011-09-15,ADBE,26.030001,26.120001,25.690001,26.18,5478600.0,8.505056
428,2011-09-16,ADBE,25.809999,25.52,25.25,25.85,13048300.0,8.591748
429,2011-09-19,ADBE,25.219999,25.27,24.84,25.51,7670200.0,8.669077
430,2011-09-20,ADBE,25.4,24.639999,24.530001,25.4,11626800.0,8.662918
431,2011-09-21,ADBE,25.950001,24.889999,24.879999,26.299999,15700200.0,8.562053
432,2011-09-22,ADBE,23.99,24.309999,23.870001,24.4,11130000.0,8.398663
433,2011-09-23,ADBE,24.16,24.879999,23.969999,25.0,5681700.0,8.151268
434,2011-09-26,ADBE,24.99,25.129999,24.309999,25.17,5245200.0,8.0164
435,2011-09-27,ADBE,25.540001,25.559999,25.360001,26.139999,5871400.0,8.133273
436,2011-09-28,ADBE,25.620001,25.110001,25.040001,25.799999,4783900.0,8.305587
437,2011-09-29,ADBE,25.6,24.99,24.450001,25.83,6030100.0,8.259492
438,2011-09-30,ADBE,24.6,24.17,24.139999,24.700001,6563300.0,8.181639
439,2011-10-03,ADBE,23.9,23.26,23.24,24.219999,7995200.0,8.043415
440,2011-10-04,ADBE,22.969999,24.040001,22.889999,24.07,7106200.0,7.816741
441,2011-10-05,ADBE,24.07,24.68,23.74,24.799999,5511200.0,7.8467355
442,2011-10-06,ADBE,24.6,25.33,24.49,25.34,3846300.0,7.994046
443,2011-10-07,ADBE,25.42,25.280001,25.030001,25.68,4105500.0,8.063342
444,2011-10-10,ADBE,25.74,25.76,25.450001,26.08,4036200.0,8.075409
445,2011-10-11,ADBE,25.73,25.84,25.530001,26.07,4367100.0,8.189635
446,2011-10-12,ADBE,26.09,25.879999,25.799999,26.280001,4819100.0,8.27676
447,2011-10-13,ADBE,25.799999,25.799999,25.389999,25.889999,4516800.0,8.279626
448,2011-10-14,ADBE,27.129999,26.809999,26.370001,27.65,18683900.0,8.32121
449,2011-10-17,ADBE,26.99,26.24,26.110001,27.059999,5372800.0,8.419241
450,2011-10-18,ADBE,26.299999,26.76,25.860001,26.99,9990500.0,8.380029
451,2011-10-19,ADBE,26.57,26.02,25.91,26.75,3908200.0,8.378455
452,2011-10-20,ADBE,26.030001,26.08,25.5,26.200001,8007200.0,8.431107
453,2011-10-21,ADBE,26.389999,27.299999,26.360001,27.41,7311100.0,8.401946
454,2011-10-24,ADBE,27.309999,28.200001,27.24,28.23,6770700.0,8.484528
455,2011-10-25,ADBE,28.049999,27.85,27.77,28.280001,6455700.0,8.632349
456,2011-10-26,ADBE,28.09,27.809999,27.25,28.15,6735200.0,8.701154
457,2011-10-27,ADBE,28.51,28.34,28.139999,28.68,7891500.0,8.782645
458,2011-10-28,ADBE,28.15,29.02,28.08,29.059999,4545700.0,9.000611
459,2011-10-31,ADBE,28.48,29.41,28.450001,29.719999,12805900.0,9.117116
460,2011-11-01,ADBE,28.52,28.59,28.129999,28.85,12232200.0,8.957001
461,2011-11-02,ADBE,28.879999,29.35,28.83,29.67,9150300.0,8.732335
462,2011-11-03,ADBE,29.629999,30.16,29.49,30.219999,5568800.0,8.708643
463,2011-11-04,ADBE,29.969999,29.790001,29.610001,30.07,6212200.0,8.869791
464,2011-11-07,ADBE,29.67,29.92,29.040001,29.99,4303500.0,9.008763
465,2011-11-08,ADBE,30.16,30.42,30.040001,30.68,6593900.0,9.044157
466,2011-11-09,ADBE,27.49,28.08,26.129999,28.48,27277200.0,9.078055
467,2011-11-10,ADBE,28.219999,28.030001,27.620001,28.280001,8969500.0,8.923212
468,2011-11-11,ADBE,28.17,28.43,28.02,28.790001,8354700.0,8.778711
469,2011-11-14,ADBE,28.35,28.24,28.16,28.74,4715500.0,8.826113
470,2011-11-15,ADBE,28.129999,28.469999,28.110001,28.59,5688900.0,8.82989
471,2011-11-16,ADBE,28.24,28.540001,28.0,29.07,6319800.0,8.808431
472,2011-11-17,ADBE,28.48,27.690001,27.49,28.549999,6939600.0,8.754673
473,2011-11-18,ADBE,27.719999,27.18,27.129999,27.76,6119700.0,8.66704
474,2011-11-21,ADBE,26.85,26.629999,26.33,26.860001,6730600.0,8.614966
475,2011-11-22,ADBE,26.469999,26.33,26.200001,26.65,5008100.0,8.559617
476,2011-11-23,ADBE,26.049999,25.940001,25.799999,26.17,5496100.0,8.478978
477,2011-11-25,ADBE,25.719999,25.83,25.719999,26.059999,2946700.0,8.391551
478,2011-11-28,ADBE,26.49,26.620001,26.41,26.879999,5923300.0,8.357683
479,2011-11-29,ADBE,26.690001,26.07,25.940001,26.690001,8097000.0,8.409406
480,2011-11-30,ADBE,26.799999,27.42,26.610001,27.43,6276100.0,8.419461
481,2011-12-01,ADBE,26.93,27.139999,26.9,27.450001,4908200.0,8.615823
482,2011-12-02,ADBE,27.35,27.110001,27.01,27.450001,3752600.0,8.824987
483,2011-12-05,ADBE,27.43,27.91,27.25,28.07,4979900.0,8.851726
484,2011-12-06,ADBE,28.01,27.959999,27.84,28.18,4075400.0,8.920531
485,2011-12-07,ADBE,27.870001,27.860001,27.16,27.99,5501100.0,8.958304
486,2011-12-08,ADBE,27.74,27.379999,27.32,28.110001,4742300.0,8.96
487,2011-12-09,ADBE,27.35,28.040001,27.299999,28.15,4227400.0,8.833865
488,2011-12-12,ADBE,27.73,27.389999,27.1,27.799999,4825100.0,8.769679
489,2011-12-13,ADBE,27.549999,26.99,26.889999,27.700001,8728700.0,8.745848
490,2011-12-14,ADBE,26.799999,26.52,26.25,27.15,7277900.0,8.656356
491,2011-12-15,ADBE,26.799999,26.459999,26.389999,27.01,5819000.0,8.577939
492,2011-12-16,ADBE,27.73,28.200001,27.620001,28.93,14464700.0,8.5851965
493,2011-12-19,ADBE,28.059999,27.51,27.4,28.290001,6635000.0,8.652031
494,2011-12-20,ADBE,27.950001,28.440001,27.860001,28.49,4505300.0,8.566925
495,2011-12-21,ADBE,28.290001,27.969999,27.4,28.379999,7383600.0,8.601447
496,2011-12-22,ADBE,28.049999,27.889999,27.700001,28.25,5299700.0,8.724796
497,2011-12-23,ADBE,28.040001,28.290001,27.950001,28.299999,3131900.0,8.792804
498,2011-12-27,ADBE,28.25,28.5,28.16,28.76,3246500.0,8.880738
499,2011-12-28,ADBE,28.450001,28.02,27.93,28.58,2500500.0,8.862664
500,2011-12-29,ADBE,28.02,28.309999,27.98,28.450001,2579800.0,8.708688
501,2011-12-30,ADBE,28.26,28.27,28.26,28.639999,3471900.0,8.64491
502,2012-01-03,ADBE,28.700001,28.57,28.51,29.01,4495100.0,8.665718
503,2012-01-04,ADBE,28.5,28.280001,28.040001,28.59,3852400.0,8.76121
504,2012-01-05,ADBE,28.07,28.48,28.049999,28.620001,2999500.0,8.826312
505,2012-01-06,ADBE,28.370001,28.719999,28.139999,28.790001,5781700.0,8.7877445
506,2012-01-09,ADBE,28.76,28.530001,28.440001,28.83,3514700.0,8.769881
507,2012-01-10,ADBE,28.610001,29.200001,28.610001,29.35,4442700.0,8.765748
508,2012-01-11,ADBE,29.16,29.32,28.959999,29.389999,3306300.0,8.770442
509,2012-01-12,ADBE,29.43,29.23,28.83,29.469999,3704300.0,8.81068
510,2012-01-13,ADBE,29.110001,28.969999,28.450001,29.18,2903900.0,8.814457
511,2012-01-17,ADBE,29.17,29.35,28.99,29.48,2903500.0,8.772328
512,2012-01-18,ADBE,29.27,29.889999,29.219999,29.889999,4553700.0,8.754473
513,2012-01-19,ADBE,29.91,30.24,29.879999,30.280001,4303100.0,8.920131
514,2012-01-20,ADBE,30.280001,30.5,30.18,30.549999,4091200.0,9.159807
515,2012-01-23,ADBE,30.33,30.23,29.98,30.780001,5378200.0,9.263826
516,2012-01-24,ADBE,30.17,30.950001,30.08,31.0,4715800.0,9.269349
517,2012-01-25,ADBE,30.59,31.34,30.51,31.4,5459800.0,9.2333765
518,2012-01-26,ADBE,31.15,31.18,31.0,31.77,4287800.0,8.853667
519,2012-01-27,ADBE,30.469999,31.049999,30.309999,31.209999,4291000.0,8.563523
520,2012-01-30,ADBE,30.690001,31.0,30.549999,31.129999,5184400.0,8.590073
521,2012-01-31,ADBE,31.18,30.950001,30.85,31.25,3753600.0,8.539073
522,2012-02-01,ADBE,31.200001,31.24,31.09,31.5,4654400.0,8.494065
523,2012-02-02,ADBE,31.24,31.290001,31.209999,31.68,3803900.0,8.51347
524,2012-02-03,ADBE,31.700001,31.85,31.6,32.169998,4588200.0,8.528221
525,2012-02-06,ADBE,31.610001,31.860001,31.52,32.349998,4536300.0,8.601652
526,2012-02-07,ADBE,31.74,32.279999,31.700001,32.400002,3404200.0,8.6539135
527,2012-02-08,ADBE,32.200001,32.099998,31.93,32.389999,3607700.0,8.659154
528,2012-02-09,ADBE,32.09,32.650002,32.09,32.689999,4711900.0,8.686334
529,2012-02-10,ADBE,32.279999,32.209999,32.049999,32.459999,2819800.0,8.70472
530,2012-02-13,ADBE,32.419998,32.349998,32.0,32.650002,3260800.0,8.66704
531,2012-02-14,ADBE,32.200001,32.439999,32.060001,32.439999,4953200.0,8.672639
532,2012-02-15,ADBE,32.490002,32.459999,32.349998,32.650002,3311500.0,8.853013
533,2012-02-16,ADBE,32.450001,32.860001,32.450001,32.91,3085700.0,8.961894
534,2012-02-17,ADBE,32.959999,32.75,32.75,33.049999,3686400.0,8.968311
535,2012-02-21,ADBE,32.740002,32.540001,32.470001,33.060001,3655400.0,8.953018
536,2012-02-22,ADBE,32.450001,32.330002,32.240002,32.889999,3389700.0,8.87039
537,2012-02-23,ADBE,32.209999,32.970001,32.099998,33.009998,3119200.0,8.815582
538,2012-02-24,ADBE,32.91,33.41,32.860001,33.5,3481200.0,8.88714
539,2012-02-27,ADBE,33.18,33.27,33.09,33.5,3204400.0,8.96359
540,2012-02-28,ADBE,33.360001,33.27,32.98,33.439999,4147800.0,8.974928
541,2012-02-29,ADBE,33.209999,32.889999,32.860001,33.439999,4103100.0,8.9494295
542,2012-03-01,ADBE,32.860001,33.099998,32.77,33.290001,2898900.0,8.89527
543,2012-03-02,ADBE,33.0,33.73,32.91,33.830002,4979600.0,8.940726
544,2012-03-05,ADBE,33.560001,33.220001,33.040001,33.610001,3307800.0,8.947735
545,2012-03-06,ADBE,32.799999,31.99,31.9,33.099998,7675000.0,8.930162
546,2012-03-07,ADBE,32.130001,32.41,31.959999,32.560001,3326400.0,8.839133
547,2012-03-08,ADBE,32.68,33.049999,32.669998,33.150002,3198700.0,8.751463
548,2012-03-09,ADBE,33.189999,33.639999,33.080002,33.650002,2910700.0,8.828363
549,2012-03-12,ADBE,33.5,33.560001,33.27,33.849998,2487300.0,8.885648
550,2012-03-13,ADBE,33.790001,34.220001,33.419998,34.220001,3425700.0,8.89809
551,2012-03-14,ADBE,34.240002,33.77,33.66,34.240002,3607000.0,8.966982
552,2012-03-15,ADBE,33.860001,34.169998,33.630001,34.200001,3685800.0,9.033933
553,2012-03-16,ADBE,34.060001,33.82,33.66,34.150002,5093300.0,9.039993
554,2012-03-19,ADBE,34.080002,34.509998,33.560001,34.549999,6819300.0,8.982873
555,2012-03-20,ADBE,33.380001,33.16,32.880001,33.939999,16394100.0,8.943948
556,2012-03-21,ADBE,33.099998,33.560001,33.099998,33.830002,5680100.0,8.914322
557,2012-03-22,ADBE,33.310001,33.709999,33.220001,33.799999,5121700.0,8.889795
558,2012-03-23,ADBE,33.709999,33.810001,33.5,33.84,3253200.0,8.872646
559,2012-03-26,ADBE,33.990002,34.400002,33.93,34.419998,4668400.0,8.858885
560,2012-03-27,ADBE,34.330002,34.630001,34.279999,34.709999,4376000.0,8.928834
561,2012-03-28,ADBE,34.52,34.459999,34.279999,34.75,4223100.0,8.982111
562,2012-03-29,ADBE,34.32,34.48,34.16,34.549999,2459000.0,8.928666
563,2012-03-30,ADBE,34.689999,34.310001,34.240002,34.689999,5232500.0,8.835919
564,2012-04-02,ADBE,34.139999,34.700001,33.799999,34.779999,4110500.0,8.772328
565,2012-04-03,ADBE,34.52,34.310001,33.990002,34.610001,2879500.0,8.783409
566,2012-04-04,ADBE,33.98,33.459999,33.360001,34.029999,4357800.0,8.771205
567,2012-04-05,ADBE,33.169998,33.59,33.139999,33.619999,3987700.0,8.673044
568,2012-04-09,ADBE,33.02,33.220001,32.77,33.360001,3478300.0,8.603737
569,2012-04-10,ADBE,33.150002,32.610001,32.529999,33.43,5460200.0,8.564285
570,2012-04-11,ADBE,32.970001,33.009998,32.630001,33.099998,3586400.0,8.510684
571,2012-04-12,ADBE,33.02,33.549999,32.869999,33.650002,3053400.0,8.535113
572,2012-04-13,ADBE,33.400002,33.18,33.16,33.610001,2784700.0,8.622995
573,2012-04-16,ADBE,33.220001,32.849998,32.689999,33.369999,3281300.0,8.61273
574,2012-04-17,ADBE,33.130001,33.84,32.93,33.98,4049900.0,8.5906315
575,2012-04-18,ADBE,33.580002,33.389999,33.25,33.630001,2369000.0,8.65371
576,2012-04-19,ADBE,33.200001,32.900002,32.689999,33.700001,3452900.0,8.676405
577,2012-04-20,ADBE,32.919998,33.060001,32.689999,33.740002,3970600.0,8.641554
578,2012-04-23,ADBE,32.84,32.619999,32.32,32.84,3580700.0,8.607293
579,2012-04-24,ADBE,32.66,32.400002,32.23,32.830002,4756700.0,8.597183
580,2012-04-25,ADBE,32.639999,33.130001,32.459999,33.27,3742100.0,8.617202
581,2012-04-26,ADBE,32.990002,33.259998,32.919998,33.32,2999500.0,8.647911
582,2012-04-27,ADBE,33.380001,33.580002,33.209999,33.790001,3277600.0,8.641554
583,2012-04-30,ADBE,33.459999,33.549999,33.400002,33.619999,2678900.0,8.590836
584,2012-05-01,ADBE,33.59,33.77,33.470001,34.09,2578700.0,8.541862
585,2012-05-02,ADBE,33.630001,33.759998,33.27,33.880001,1612300.0,8.585755
586,2012-05-03,ADBE,33.77,33.32,33.240002,33.939999,2670300.0,8.597946
587,2012-05-04,ADBE,32.990002,32.610001,32.5,33.209999,2991800.0,8.513118
588,2012-05-07,ADBE,32.48,32.52,32.330002,32.900002,3323000.0,8.434046
589,2012-05-08,ADBE,32.290001,32.669998,31.879999,32.75,3592100.0,8.447286
590,2012-05-09,ADBE,32.290001,32.52,31.82,32.720001,4057300.0,8.465499
591,2012-05-10,ADBE,32.73,31.92,31.65,32.82,4811500.0,8.431673
592,2012-05-11,ADBE,31.9,32.200001,31.700001,32.459999,3183500.0,8.417654
593,2012-05-14,ADBE,31.809999,32.23,31.67,32.52,3133400.0,8.413586
594,2012-05-15,ADBE,32.23,32.330002,32.130001,32.849998,2540300.0,8.434503
595,2012-05-16,ADBE,32.439999,32.360001,32.189999,32.740002,4373600.0,8.337599
596,2012-05-17,ADBE,32.380001,32.009998,32.009998,32.619999,4762700.0,8.152371
597,2012-05-18,ADBE,32.099998,31.309999,31.290001,32.099998,4238200.0,8.112092
598,2012-05-21,ADBE,31.450001,32.009998,30.940001,32.07,3420000.0,8.091492
599,2012-05-22,ADBE,31.969999,32.009998,31.629999,32.25,3476700.0,8.070227
600,2012-05-23,ADBE,31.700001,32.18,31.459999,32.209999,4300000.0,8.083431
601,2012-05-24,ADBE,32.169998,31.540001,31.360001,32.169998,4116500.0,8.079988
602,2012-05-25,ADBE,31.639999,31.6,31.5,31.9,2000300.0,7.979861
603,2012-05-29,ADBE,31.879999,32.049999,31.610001,32.259998,3171200.0,7.9460297
604,2012-05-30,ADBE,31.83,31.290001,31.129999,31.83,3426400.0,8.086801
605,2012-05-31,ADBE,31.34,31.049999,30.76,31.379999,4736000.0,8.1414175
606,2012-06-01,ADBE,30.370001,29.82,29.809999,30.620001,4362000.0,8.10925
607,2012-06-04,ADBE,29.879999,30.309999,29.879999,30.620001,3668100.0,8.062245
608,2012-06-05,ADBE,30.190001,30.709999,30.190001,30.74,2263800.0,8.015834
609,2012-06-06,ADBE,30.91,31.690001,30.67,31.719999,3092800.0,8.04557
610,2012-06-07,ADBE,32.060001,31.32,31.24,32.119999,4293100.0,8.180438
611,2012-06-08,ADBE,31.25,31.65,31.200001,31.690001,3095900.0,8.291171
612,2012-06-11,ADBE,31.9,31.129999,31.09,31.950001,3811400.0,8.397091
613,2012-06-12,ADBE,31.34,31.77,31.200001,31.780001,3305700.0,8.393356
614,2012-06-13,ADBE,31.65,31.790001,31.540001,32.09,4141000.0,8.347226
615,2012-06-14,ADBE,31.35,31.67,31.129999,31.85,6732700.0,8.38907
616,2012-06-15,ADBE,31.75,32.389999,31.440001,32.419998,5442600.0,8.4060135
617,2012-06-18,ADBE,32.27,32.630001,32.080002,32.68,4579500.0,8.471731
618,2012-06-19,ADBE,32.84,32.889999,32.669998,33.189999,6714500.0,8.498931
619,2012-06-20,ADBE,30.68,31.99,30.379999,32.490002,18924900.0,8.511593
620,2012-06-21,ADBE,31.82,31.23,31.129999,31.940001,7167100.0,8.547085
621,2012-06-22,ADBE,31.4,31.57,31.190001,31.74,7841700.0,8.469116
622,2012-06-25,ADBE,31.26,30.85,30.799999,31.360001,2595400.0,8.479884
623,2012-06-26,ADBE,30.9,31.07,30.709999,31.200001,2208600.0,8.432458
624,2012-06-27,ADBE,31.280001,31.41,31.1,31.549999,1960300.0,8.358812
625,2012-06-28,ADBE,31.26,31.17,30.75,31.370001,2887800.0,8.404207
626,2012-06-29,ADBE,31.74,32.369999,31.68,32.369999,4451000.0,8.457807
627,2012-07-02,ADBE,31.860001,32.189999,31.860001,32.25,3895800.0,8.543329
628,2012-07-03,ADBE,32.009998,32.509998,32.009998,32.509998,2107800.0,8.593069
629,2012-07-05,ADBE,32.220001,32.529999,32.189999,32.68,2973000.0,8.621878
630,2012-07-06,ADBE,32.200001,31.370001,31.219999,32.48,5272700.0,8.605618
631,2012-07-09,ADBE,31.290001,30.43,30.4,31.530001,5342900.0,8.5495205
632,2012-07-10,ADBE,30.700001,30.440001,30.209999,30.879999,4084700.0,8.482523
633,2012-07-11,ADBE,30.51,30.200001,29.969999,30.51,2611700.0,8.399684
634,2012-07-12,ADBE,30.110001,30.139999,29.52,30.309999,4716800.0,8.385003
635,2012-07-13,ADBE,30.18,30.65,30.059999,30.780001,2719000.0,8.313174
636,2012-07-16,ADBE,30.65,30.4,30.24,30.65,1879600.0,8.184551
637,2012-07-17,ADBE,30.709999,30.65,29.98,30.709999,3314000.0,8.135656
638,2012-07-18,ADBE,30.65,31.43,30.549999,31.57,3124400.0,8.124174
639,2012-07-19,ADBE,31.51,31.889999,31.41,32.110001,3645700.0,8.097209
640,2012-07-20,ADBE,31.93,31.379999,31.35,32.049999,4063500.0,8.079988
641,2012-07-23,ADBE,30.809999,30.639999,30.23,30.82,2689800.0,7.8840213
642,2012-07-24,ADBE,30.67,30.02,29.809999,30.75,2866400.0,7.728571
643,2012-07-25,ADBE,30.059999,30.33,29.98,30.52,3003700.0,7.6436505
644,2012-07-26,ADBE,30.85,30.950001,30.49,31.41,3644200.0,7.51878
645,2012-07-27,ADBE,31.26,31.9,31.17,32.0,3312900.0,7.5840898
646,2012-07-30,ADBE,31.889999,31.01,30.92,31.950001,4261200.0,7.751789
647,2012-07-31,ADBE,30.99,30.879999,30.84,31.27,2662900.0,7.847946
648,2012-08-01,ADBE,31.049999,30.690001,30.639999,31.17,2738800.0,7.879871
649,2012-08-02,ADBE,30.459999,30.58,30.25,30.83,2640000.0,7.830933
650,2012-08-03,ADBE,31.15,32.02,31.049999,32.060001,3617100.0,7.7274942
651,2012-08-06,ADBE,32.02,32.139999,32.009998,32.32,2910600.0,7.790971
652,2012-08-07,ADBE,32.240002,32.369999,32.220001,32.580002,2569000.0,7.9066653
653,2012-08-08,ADBE,32.189999,32.509998,32.189999,32.639999,2156700.0,7.971746
654,2012-08-09,ADBE,32.599998,32.650002,32.419998,32.939999,4344400.0,8.024975
655,2012-08-10,ADBE,32.57,32.639999,32.43,32.689999,2975800.0,8.051317
656,2012-08-13,ADBE,32.48,32.27,32.09,32.549999,2433900.0,8.069092
657,2012-08-14,ADBE,32.509998,32.110001,32.0,32.549999,2712500.0,8.076545
658,2012-08-15,ADBE,32.240002,32.91,32.119999,32.950001,3632300.0,8.075977
659,2012-08-16,ADBE,32.889999,33.650002,32.869999,33.720001,4020000.0,8.096604
660,2012-08-17,ADBE,33.73,33.799999,33.419998,33.91,3823000.0,8.157459
661,2012-08-20,ADBE,33.66,33.919998,33.360001,33.939999,3465000.0,8.220218
662,2012-08-21,ADBE,33.779999,33.75,33.599998,34.09,3493200.0,8.248478
663,2012-08-22,ADBE,33.740002,33.84,33.619999,33.98,2871000.0,8.251941
664,2012-08-23,ADBE,33.66,33.5,33.349998,33.799999,2566700.0,8.199521
665,2012-08-24,ADBE,32.580002,32.259998,31.83,32.580002,8759600.0,8.158632
666,2012-08-27,ADBE,32.470001,32.32,32.299999,32.75,4457400.0,8.194293
667,2012-08-28,ADBE,32.360001,32.060001,32.029999,32.459999,4139800.0,8.189722
668,2012-08-29,ADBE,32.139999,31.959999,31.610001,32.240002,4560900.0,8.194293
669,2012-08-30,ADBE,31.77,31.459999,31.35,31.85,3174800.0,8.225993
670,2012-08-31,ADBE,31.65,31.27,31.0,31.9,5966300.0,8.205265
671,2012-09-04,ADBE,31.24,31.440001,31.01,31.51,4419800.0,8.200636
672,2012-09-05,ADBE,31.389999,32.259998,31.26,32.259998,6289600.0,8.170161
673,2012-09-06,ADBE,32.259998,32.790001,32.259998,32.98,4577200.0,8.196579
674,2012-09-07,ADBE,32.830002,32.459999,32.389999,32.889999,3581300.0,8.357019
675,2012-09-10,ADBE,32.360001,32.130001,32.110001,32.57,3865300.0,8.447962
676,2012-09-11,ADBE,32.060001,32.43,31.940001,32.59,3929200.0,8.35847
677,2012-09-12,ADBE,32.59,32.419998,32.330002,32.880001,3564800.0,8.294064
678,2012-09-13,ADBE,32.490002,32.810001,32.32,33.07,4195200.0,8.373261
679,2012-09-14,ADBE,32.93,33.34,32.740002,33.380001,3862300.0,8.46539
680,2012-09-17,ADBE,33.290001,33.41,32.990002,33.419998,3407700.0,8.542772
681,2012-09-18,ADBE,33.23,32.57,32.490002,33.259998,5954700.0,8.519656
682,2012-09-19,ADBE,32.799999,33.119999,32.459999,33.169998,7805300.0,8.4223995
683,2012-09-20,ADBE,33.25,34.529999,33.0,34.549999,12398400.0,8.464713
684,2012-09-21,ADBE,34.360001,33.830002,33.470001,34.490002,8794400.0,8.535876
685,2012-09-24,ADBE,33.389999,33.419998,33.259998,33.759998,5348300.0,8.539427
686,2012-09-25,ADBE,33.700001,32.900002,32.869999,33.75,6122000.0,8.50658
687,2012-09-26,ADBE,32.91,32.529999,32.419998,32.98,3406100.0,8.315613
688,2012-09-27,ADBE,32.669998,32.799999,32.43,32.939999,3487600.0,8.148886
689,2012-09-28,ADBE,32.650002,32.439999,32.389999,32.93,4017900.0,8.1770115
690,2012-10-01,ADBE,32.580002,32.619999,32.349998,32.849998,5201900.0,8.205837
691,2012-10-02,ADBE,32.82,32.57,32.32,32.91,3381600.0,8.196036
692,2012-10-03,ADBE,32.73,32.599998,32.52,32.849998,2455700.0,8.199493
693,2012-10-04,ADBE,32.540001,32.68,32.200001,32.790001,3886900.0,8.12709
694,2012-10-05,ADBE,32.830002,32.470001,32.389999,33.029999,2505100.0,8.109214
695,2012-10-08,ADBE,32.259998,32.23,32.02,32.470001,2154800.0,8.143125
696,2012-10-09,ADBE,32.220001,31.690001,31.559999,32.25,3504400.0,8.13164
697,2012-10-10,ADBE,31.639999,31.51,31.33,31.799999,2481700.0,8.088615
698,2012-10-11,ADBE,31.85,31.780001,31.58,31.91,2854600.0,8.021575
699,2012-10-12,ADBE,31.780001,31.940001,31.690001,32.049999,3040300.0,8.050713
700,2012-10-15,ADBE,32.009998,32.330002,31.879999,32.349998,3143200.0,8.046213
701,2012-10-16,ADBE,32.439999,33.240002,32.299999,33.349998,4782200.0,8.030113
702,2012-10-17,ADBE,33.119999,33.439999,32.919998,33.540001,5146400.0,8.149952
703,2012-10-18,ADBE,33.450001,33.470001,33.240002,33.68,3913800.0,8.201236
704,2012-10-19,ADBE,33.450001,33.240002,33.139999,33.650002,5562600.0,8.1931505
705,2012-10-22,ADBE,33.439999,33.490002,33.169998,33.549999,3684900.0,8.054302
706,2012-10-23,ADBE,33.189999,33.310001,32.970001,33.439999,3151800.0,7.9437695
707,2012-10-24,ADBE,33.560001,33.360001,33.279999,33.599998,3381500.0,7.8173456
708,2012-10-25,ADBE,33.529999,33.400002,33.27,33.689999,2868700.0,7.6193027
709,2012-10-26,ADBE,33.130001,34.009998,32.990002,34.09,6310600.0,7.5627136
710,2012-10-31,ADBE,34.0,34.029999,33.759998,34.049999,4253100.0,7.565548
711,2012-11-01,ADBE,34.080002,34.360001,33.889999,34.639999,3681700.0,7.542418
712,2012-11-02,ADBE,34.59,34.389999,34.23,34.599998,4006300.0,7.6084137
713,2012-11-05,ADBE,34.18,34.240002,33.84,34.330002,2808500.0,7.6085544
714,2012-11-06,ADBE,34.419998,34.389999,34.240002,34.66,2678900.0,7.594878
715,2012-11-07,ADBE,34.110001,33.470001,33.459999,34.150002,4681500.0,7.66732
716,2012-11-08,ADBE,33.5,32.98,32.919998,33.57,4247900.0,7.5718694
717,2012-11-09,ADBE,33.009998,32.900002,32.889999,33.279999,2581600.0,7.4591193
718,2012-11-12,ADBE,32.950001,32.700001,32.66,33.029999,1911900.0,7.452367
719,2012-11-13,ADBE,32.549999,32.540001,32.349998,32.919998,2597200.0,7.4484396
720,2012-11-14,ADBE,32.599998,32.240002,32.16,32.77,5566500.0,7.4804263
721,2012-11-15,ADBE,32.380001,32.639999,32.139999,32.720001,3817700.0,7.459734
722,2012-11-16,ADBE,32.580002,32.650002,32.27,32.75,3447300.0,7.4119473
723,2012-11-19,ADBE,32.93,32.919998,32.709999,33.0,2645500.0,7.38897
724,2012-11-20,ADBE,32.799999,32.639999,32.52,32.950001,2345400.0,7.446657
725,2012-11-21,ADBE,32.75,32.84,32.529999,32.98,1703700.0,7.510848
726,2012-11-23,ADBE,33.060001,33.400002,32.990002,33.43,1449800.0,7.526592
727,2012-11-26,ADBE,33.220001,33.290001,33.049999,33.330002,2348500.0,7.619163
728,2012-11-27,ADBE,33.189999,33.18,33.16,33.59,2180400.0,7.655483
729,2012-11-28,ADBE,33.16,33.880001,32.939999,33.939999,2612600.0,7.6085076
730,2012-11-29,ADBE,34.080002,34.09,33.779999,34.169998,3353700.0,7.6469126
731,2012-11-30,ADBE,34.189999,34.610001,33.849998,34.810001,4935400.0,7.742163
732,2012-12-03,ADBE,34.779999,34.700001,34.57,34.849998,3146300.0,7.791058
733,2012-12-04,ADBE,34.790001,35.299999,34.669998,35.639999,6744100.0,7.789934
734,2012-12-05,ADBE,35.299999,35.400002,34.860001,35.630001,4277000.0,7.8587303
735,2012-12-06,ADBE,35.25,35.139999,35.0,35.68,5571900.0,7.919809
736,2012-12-07,ADBE,35.400002,35.48,34.939999,35.5,2725400.0,7.9363456
737,2012-12-10,ADBE,35.450001,35.75,35.400002,35.779999,3542100.0,7.98148
738,2012-12-11,ADBE,35.799999,35.540001,35.470001,36.110001,5912900.0,7.981519
739,2012-12-12,ADBE,35.73,35.959999,35.689999,36.279999,4598200.0,7.9969153
740,2012-12-13,ADBE,36.009998,35.529999,35.189999,36.5,7746200.0,8.01183
741,2012-12-14,ADBE,37.200001,37.560001,37.0,38.099998,17447900.0,7.9820848
742,2012-12-17,ADBE,37.07,37.419998,36.900002,37.43,8928100.0,7.9403796
743,2012-12-18,ADBE,37.419998,37.490002,37.18,37.509998,7652400.0,7.904409
744,2012-12-19,ADBE,37.389999,38.09,37.349998,38.25,5853300.0,7.9660115
745,2012-12-20,ADBE,38.080002,37.869999,37.790001,38.16,4330300.0,8.003825
746,2012-12-21,ADBE,37.360001,37.709999,37.349998,38.0,7975900.0,8.011226
747,2012-12-24,ADBE,37.759998,37.529999,37.310001,37.82,2448000.0,8.003259
748,2012-12-26,ADBE,37.48,37.549999,37.259998,37.990002,2437600.0,7.9478045
749,2012-12-27,ADBE,37.490002,37.299999,36.830002,37.619999,3422700.0,7.891876
750,2012-12-28,ADBE,36.91,36.900002,36.889999,37.400002,3171600.0,7.8206787
751,2012-12-31,ADBE,36.799999,37.68,36.650002,37.700001,4634600.0,7.743374
752,2013-01-02,ADBE,37.919998,38.34,37.919998,38.73,6483800.0,7.760901
753,2013-01-03,ADBE,38.139999,37.75,37.66,38.299999,3906000.0,7.95281
754,2013-01-04,ADBE,37.880001,38.130001,37.619999,38.189999,3809300.0,8.079988
755,2013-01-07,ADBE,37.810001,37.939999,37.700001,38.209999,3632100.0,8.0479145
756,2013-01-08,ADBE,37.779999,38.139999,37.75,38.200001,3080900.0,8.068486
757,2013-01-09,ADBE,38.16,38.66,38.099998,38.709999,4083100.0,8.1058035
758,2013-01-10,ADBE,38.75,38.619999,38.09,38.779999,3645200.0,8.102358
759,2013-01-11,ADBE,38.650002,38.09,37.889999,38.73,3511300.0,8.130466
760,2013-01-14,ADBE,37.990002,38.16,37.810001,38.200001,3048600.0,8.142555
761,2013-01-15,ADBE,37.860001,38.150002,37.84,38.459999,2968100.0,8.188522
762,2013-01-16,ADBE,38.119999,37.880001,37.810001,38.27,2640700.0,8.245015
763,2013-01-17,ADBE,37.759998,37.73,37.709999,38.09,4089500.0,8.316566
764,2013-01-18,ADBE,37.810001,37.98,37.360001,37.990002,5561400.0,8.372243
765,2013-01-22,ADBE,37.869999,37.950001,37.57,38.02,2475400.0,8.396637
766,2013-01-23,ADBE,37.939999,38.25,37.889999,38.279999,3309000.0,8.372918
767,2013-01-24,ADBE,38.150002,38.110001,37.990002,38.700001,2605600.0,8.35475
768,2013-01-25,ADBE,38.049999,38.32,38.02,38.529999,3273000.0,8.441403
769,2013-01-28,ADBE,37.91,38.240002,37.900002,38.41,3536100.0,8.575093
770,2013-01-29,ADBE,38.110001,38.52,37.810001,38.560001,2935900.0,8.762895
771,2013-01-30,ADBE,38.5,37.939999,37.880001,38.509998,2693600.0,8.832905
772,2013-01-31,ADBE,38.0,37.830002,37.68,38.23,3291900.0,8.808992
773,2013-02-01,ADBE,38.200001,38.34,37.91,38.48,2416100.0,8.754112
774,2013-02-04,ADBE,38.189999,38.099998,37.82,38.439999,2928000.0,8.70472
775,2013-02-05,ADBE,38.200001,38.509998,38.009998,38.57,2355600.0,8.675285
776,2013-02-06,ADBE,38.360001,38.400002,38.259998,38.650002,2567800.0,8.679767
777,2013-02-07,ADBE,38.259998,38.07,37.66,38.389999,3110300.0,8.695907
778,2013-02-08,ADBE,38.310001,39.119999,38.150002,39.450001,5104600.0,8.685213
779,2013-02-11,ADBE,38.990002,38.639999,38.529999,39.049999,2333800.0,8.672843
780,2013-02-12,ADBE,38.549999,38.889999,38.119999,39.130001,3279500.0,8.674522
781,2013-02-13,ADBE,38.900002,38.810001,38.669998,39.150002,2491000.0,8.672843
782,2013-02-14,ADBE,38.700001,38.610001,38.299999,38.919998,4929700.0,8.678646
783,2013-02-15,ADBE,38.509998,38.630001,38.380001,38.759998,2367900.0,8.705279
784,2013-02-19,ADBE,38.580002,38.990002,38.52,39.0,2056500.0,8.691221
785,2013-02-20,ADBE,39.049999,38.77,38.75,39.279999,3129600.0,8.68221
786,2013-02-21,ADBE,38.82,38.34,38.299999,38.82,2872700.0,8.635197
787,2013-02-22,ADBE,38.540001,38.549999,38.369999,38.869999,2835500.0,8.577177
788,2013-02-25,ADBE,38.66,38.110001,38.099998,39.09,2738700.0,8.685367
789,2013-02-26,ADBE,38.139999,38.59,38.09,38.66,2925000.0,8.690302
790,2013-02-27,ADBE,38.32,39.599998,38.099998,39.75,5285300.0,8.661953
791,2013-02-28,ADBE,39.540001,39.310001,39.290001,39.939999,3637600.0,8.774375
792,2013-03-01,ADBE,39.299999,39.830002,38.959999,39.880001,2328200.0,8.802605
793,2013-03-04,ADBE,39.740002,40.459999,39.450001,40.470001,2423600.0,8.79413
794,2013-03-05,ADBE,40.759998,41.459999,40.68,41.490002,4236600.0,8.820847
795,2013-03-06,ADBE,41.470001,41.290001,41.130001,41.77,2835600.0,8.8481455
796,2013-03-07,ADBE,41.400002,41.5,41.200001,41.59,2678600.0,8.982845
797,2013-03-08,ADBE,41.75,41.5,41.32,41.91,3330300.0,9.112181
798,2013-03-11,ADBE,41.119999,41.48,40.959999,41.540001,4632400.0,9.192297
799,2013-03-12,ADBE,41.529999,41.400002,41.150002,41.529999,3454800.0,9.221962
800,2013-03-13,ADBE,41.5,41.59,41.299999,41.810001,2892500.0,9.174633
801,2013-03-14,ADBE,41.82,41.619999,41.439999,41.93,2762900.0,9.149374
802,2013-03-15,ADBE,41.450001,41.380001,41.32,41.790001,5424200.0,9.191158
803,2013-03-18,ADBE,41.080002,41.060001,40.209999,41.48,3311300.0,9.235658
804,2013-03-19,ADBE,41.099998,40.75,40.490002,41.369999,4767400.0,9.221962
805,2013-03-20,ADBE,42.700001,42.459999,41.990002,43.23,10733400.0,9.187172
806,2013-03-21,ADBE,41.990002,42.18,41.900002,42.630001,5659400.0,9.231278
807,2013-03-22,ADBE,42.169998,42.970001,42.110001,43.23,5619500.0,9.194016
808,2013-03-25,ADBE,42.900002,42.490002,42.41,43.419998,5296600.0,9.139122
809,2013-03-26,ADBE,42.66,42.75,42.459999,42.950001,2125400.0,9.119584
810,2013-03-27,ADBE,42.599998,42.66,42.380001,42.880001,1707000.0,9.116352
811,2013-03-28,ADBE,42.540001,43.52,42.419998,43.59,4075200.0,9.124894
812,2013-04-01,ADBE,43.360001,43.380001,43.23,43.779999,3398000.0,9.135516
813,2013-04-02,ADBE,43.5,43.849998,43.360001,43.889999,3371600.0,9.157159
814,2013-04-03,ADBE,43.779999,43.700001,43.490002,43.84,5043100.0,9.261726
815,2013-04-04,ADBE,43.740002,44.209999,43.439999,44.25,5109900.0,9.230716
816,2013-04-05,ADBE,43.419998,43.380001,43.209999,43.860001,4307900.0,9.167789
817,2013-04-08,ADBE,43.27,43.790001,43.130001,43.799999,2814100.0,9.191352
818,2013-04-09,ADBE,43.709999,44.169998,43.34,44.259998,2529400.0,9.1847
819,2013-04-10,ADBE,44.419998,44.700001,44.330002,45.400002,5795400.0,9.2468815
820,2013-04-11,ADBE,45.040001,45.209999,44.799999,45.529999,5896300.0,9.373078
821,2013-04-12,ADBE,45.150002,45.029999,44.740002,45.16,2817700.0,9.569086
822,2013-04-15,ADBE,44.810001,44.599998,44.59,45.459999,3553100.0,9.593443
823,2013-04-16,ADBE,44.77,45.279999,44.77,45.349998,2226500.0,9.453732
824,2013-04-17,ADBE,44.860001,44.900002,44.509998,45.169998,3421200.0,9.466558
825,2013-04-18,ADBE,45.18,44.459999,44.34,45.200001,2995900.0,9.461576
826,2013-04-19,ADBE,44.599998,44.740002,44.310001,44.810001,2746900.0,9.285349
827,2013-04-22,ADBE,45.0,44.529999,44.330002,45.200001,2026400.0,9.109535
828,2013-04-23,ADBE,44.84,44.869999,44.439999,45.360001,2163800.0,9.106677
829,2013-04-24,ADBE,44.91,44.669998,44.52,45.049999,2223500.0,9.090386
830,2013-04-25,ADBE,44.75,45.049999,44.560001,45.209999,2131900.0,9.003668
831,2013-04-26,ADBE,44.84,44.91,44.779999,45.18,2300100.0,9.036765
832,2013-04-29,ADBE,44.889999,45.060001,44.82,45.59,3553200.0,9.032995
833,2013-04-30,ADBE,44.759998,45.080002,44.549999,45.150002,4313200.0,9.015387
834,2013-05-01,ADBE,45.139999,44.709999,44.610001,45.73,3817600.0,9.094732
835,2013-05-02,ADBE,44.650002,45.689999,44.630001,45.880001,2738500.0,9.0373535
836,2013-05-03,ADBE,46.0,47.009998,45.82,47.169998,4226500.0,8.980782
837,2013-05-06,ADBE,47.0,46.490002,46.48,47.139999,3078200.0,9.063655
838,2013-05-07,ADBE,46.459999,45.599998,45.290001,46.68,6863000.0,9.202369
839,2013-05-08,ADBE,45.509998,45.32,45.16,45.639999,3318900.0,9.28611
840,2013-05-09,ADBE,45.220001,43.970001,43.470001,45.25,9319000.0,9.302307
841,2013-05-10,ADBE,44.119999,44.02,43.75,44.200001,4571200.0,9.397144
842,2013-05-13,ADBE,43.98,43.610001,43.490002,44.009998,2768000.0,9.46981
843,2013-05-14,ADBE,43.700001,44.040001,43.599998,44.099998,4305000.0,9.423516
844,2013-05-15,ADBE,44.060001,45.07,43.950001,45.110001,3646000.0,9.396189
845,2013-05-16,ADBE,44.959999,44.560001,44.48,45.34,2609100.0,9.440728
846,2013-05-17,ADBE,44.599998,44.610001,44.330002,44.759998,3688200.0,9.368876
847,2013-05-20,ADBE,44.549999,44.290001,44.150002,44.68,1491100.0,9.307071
848,2013-05-21,ADBE,44.209999,44.02,43.889999,44.48,1828200.0,9.387593
849,2013-05-22,ADBE,44.119999,43.169998,42.950001,44.310001,3026400.0,9.463686
850,2013-05-23,ADBE,42.66,42.77,42.57,43.139999,3339700.0,9.397141
851,2013-05-24,ADBE,42.32,42.43,41.91,42.529999,3766200.0,9.367161
852,2013-05-28,ADBE,42.779999,42.91,42.650002,43.130001,2655900.0,9.407081
853,2013-05-29,ADBE,42.75,42.599998,42.389999,42.869999,3280900.0,9.444937
854,2013-05-30,ADBE,42.650002,43.189999,42.5,43.380001,2755500.0,9.465025
855,2013-05-31,ADBE,42.919998,42.91,42.66,43.549999,3133200.0,9.458328
856,2013-06-03,ADBE,42.98,43.459999,42.759998,43.48,2884800.0,9.377851
857,2013-06-04,ADBE,43.669998,44.389999,43.529999,44.799999,5249400.0,9.35151
858,2013-06-05,ADBE,44.389999,43.84,43.810001,44.580002,3385600.0,9.429255
859,2013-06-06,ADBE,43.84,43.57,43.259998,44.049999,3760900.0,9.36105
860,2013-06-07,ADBE,43.860001,44.119999,43.66,44.41,2895300.0,9.295065
861,2013-06-10,ADBE,44.299999,44.09,43.84,44.34,1833900.0,9.468663
862,2013-06-11,ADBE,43.599998,43.119999,43.099998,43.849998,2487100.0,9.620343
863,2013-06-12,ADBE,43.310001,42.720001,42.610001,43.459999,2124500.0,9.588457
864,2013-06-13,ADBE,42.740002,43.299999,42.389999,43.360001,2002400.0,9.443016
865,2013-06-14,ADBE,43.330002,42.84,42.700001,43.57,2320100.0,9.457374
866,2013-06-17,ADBE,43.220001,43.389999,42.970001,43.759998,2677100.0,9.548361
867,2013-06-18,ADBE,43.549999,43.360001,43.220001,44.200001,5433900.0,9.573685
868,2013-06-19,ADBE,46.43,45.779999,45.349998,46.439999,12566000.0,9.735218
869,2013-06-20,ADBE,45.279999,44.900002,44.450001,45.290001,5488700.0,9.839174
870,2013-06-21,ADBE,44.919998,44.77,44.23,45.0,6294400.0,9.731137
871,2013-06-24,ADBE,44.34,43.599998,43.369999,44.599998,4492900.0,9.671865
872,2013-06-25,ADBE,44.040001,44.369999,43.459999,44.439999,3366300.0,9.550647
873,2013-06-26,ADBE,44.950001,45.68,44.900002,45.919998,5356400.0,9.439006
874,2013-06-27,ADBE,45.900002,45.93,45.59,46.27,2916500.0,9.437859
875,2013-06-28,ADBE,45.990002,45.560001,45.389999,45.990002,4052600.0,9.527468
876,2013-07-01,ADBE,45.23,46.240002,44.880001,47.189999,6341400.0,9.564852
877,2013-07-02,ADBE,46.0,46.029999,45.720001,46.48,3025100.0,9.596532
878,2013-07-03,ADBE,45.709999,46.419998,45.66,46.82,1597300.0,9.65436
879,2013-07-05,ADBE,46.689999,47.0,46.549999,47.099998,1614600.0,9.671865
880,2013-07-08,ADBE,47.029999,46.630001,46.439999,47.490002,2813100.0,9.757951
881,2013-07-09,ADBE,46.759998,47.259998,46.73,47.310001,2578900.0,9.799598
882,2013-07-10,ADBE,47.09,47.25,46.639999,47.330002,2684700.0,9.784937
883,2013-07-11,ADBE,47.619999,47.990002,47.5,48.0,3293500.0,9.869917
884,2013-07-12,ADBE,48.349998,48.389999,48.080002,48.630001,4135700.0,9.990318
885,2013-07-15,ADBE,48.25,48.119999,48.099998,48.459999,2122800.0,10.077839
886,2013-07-16,ADBE,48.049999,47.490002,47.360001,48.130001,2473100.0,10.127006
887,2013-07-17,ADBE,48.169998,48.040001,47.779999,48.400002,3135800.0,10.087331
888,2013-07-18,ADBE,48.040001,48.189999,48.009998,48.52,2641600.0,10.029673
889,2013-07-19,ADBE,48.259998,48.07,47.93,48.470001,2764000.0,10.07046
890,2013-07-22,ADBE,48.52,48.279999,47.919998,48.52,1782900.0,10.067127
891,2013-07-23,ADBE,48.349998,48.07,47.950001,48.450001,1708600.0,10.069876
892,2013-07-24,ADBE,48.380001,47.799999,47.650002,48.580002,2407400.0,10.101918
893,2013-07-25,ADBE,47.799999,47.790001,47.450001,47.959999,2242800.0,10.111647
894,2013-07-26,ADBE,47.77,47.639999,47.400002,47.860001,2918000.0,10.113581
895,2013-07-29,ADBE,47.509998,47.169998,47.110001,47.77,2352400.0,10.055478
896,2013-07-30,ADBE,47.189999,47.360001,47.119999,47.5,2758000.0,9.997862
897,2013-07-31,ADBE,47.5,47.279999,47.18,47.709999,3813500.0,9.978868
898,2013-08-01,ADBE,47.619999,47.700001,47.41,47.82,3497600.0,10.000782
899,2013-08-02,ADBE,47.380001,47.450001,47.130001,47.82,3761000.0,10.112639
900,2013-08-05,ADBE,47.450001,47.630001,47.349998,47.84,2172200.0,10.228854
901,2013-08-06,ADBE,47.549999,47.389999,47.369999,47.849998,1642800.0,10.292259
902,2013-08-07,ADBE,47.169998,47.099998,46.830002,47.48,2396700.0,10.275248
903,2013-08-08,ADBE,47.32,47.509998,47.029999,47.66,2974200.0,10.195307
904,2013-08-09,ADBE,47.380001,47.18,47.09,47.77,1891300.0,10.205469
905,2013-08-12,ADBE,46.869999,47.200001,46.849998,47.330002,1807900.0,10.267662
906,2013-08-13,ADBE,47.369999,47.139999,46.919998,47.41,1960300.0,10.337783
907,2013-08-14,ADBE,47.139999,46.84,46.68,47.139999,2115100.0,10.529002
908,2013-08-15,ADBE,46.369999,45.869999,45.700001,46.389999,2616800.0,10.664596
909,2013-08-16,ADBE,45.939999,45.400002,45.299999,45.950001,2829200.0,10.572482
910,2013-08-19,ADBE,45.439999,44.889999,44.880001,45.52,2185800.0,10.495384
911,2013-08-20,ADBE,44.77,45.07,44.700001,45.450001,2213900.0,10.4338
912,2013-08-21,ADBE,45.009998,45.139999,44.799999,45.509998,2515500.0,10.344199
913,2013-08-22,ADBE,45.099998,45.68,45.09,45.709999,1699600.0,10.279543
914,2013-08-23,ADBE,45.849998,45.77,45.41,45.880001,2410900.0,10.267662
915,2013-08-26,ADBE,46.25,46.060001,46.009998,46.610001,2590500.0,10.290492
916,2013-08-27,ADBE,45.549999,45.5,45.27,45.880001,2287600.0,10.277015
917,2013-08-28,ADBE,45.580002,45.529999,45.490002,45.91,1971500.0,10.120729
918,2013-08-29,ADBE,45.5,45.93,45.349998,46.139999,1738900.0,10.10584
919,2013-08-30,ADBE,45.880001,45.75,45.57,46.110001,2211500.0,10.249725
920,2013-09-03,ADBE,46.209999,45.880001,45.700001,46.57,1955500.0,10.268425
921,2013-09-04,ADBE,45.759998,46.93,45.759998,47.169998,5402200.0,10.30633
922,2013-09-05,ADBE,46.880001,46.73,46.68,47.34,2379800.0,10.310974
923,2013-09-06,ADBE,46.889999,46.869999,46.259998,47.299999,3140900.0,10.29167
924,2013-09-09,ADBE,47.110001,47.25,46.990002,47.27,1931700.0,10.297318
925,2013-09-10,ADBE,47.619999,48.02,47.509998,48.060001,2831100.0,10.307682
926,2013-09-11,ADBE,48.0,48.200001,47.950001,48.330002,2650200.0,10.38648
927,2013-09-12,ADBE,48.07,47.639999,47.560001,48.09,3024100.0,10.468725
928,2013-09-13,ADBE,47.66,47.759998,47.639999,47.959999,2571600.0,10.430079
929,2013-09-16,ADBE,48.169998,48.139999,47.970001,48.700001,4474800.0,10.507997
930,2013-09-17,ADBE,48.189999,48.139999,47.919998,48.490002,6917200.0,10.602009
931,2013-09-18,ADBE,51.68,52.580002,51.060001,52.669998,15267900.0,10.583344
932,2013-09-19,ADBE,52.049999,51.869999,51.580002,52.400002,7183400.0,10.566043
933,2013-09-20,ADBE,51.869999,52.310001,51.68,52.959999,12323000.0,10.499278
934,2013-09-23,ADBE,52.07,51.799999,51.619999,52.470001,3183400.0,10.411489
935,2013-09-24,ADBE,51.790001,51.419998,51.07,51.880001,3103300.0,10.348502
936,2013-09-25,ADBE,51.48,51.869999,51.419998,52.080002,4009400.0,10.425256
937,2013-09-26,ADBE,52.0,52.099998,51.810001,52.380001,2902900.0,10.5584135
938,2013-09-27,ADBE,51.709999,52.029999,51.650002,52.48,2382000.0,10.582155
939,2013-09-30,ADBE,51.5,51.939999,51.200001,52.150002,2747000.0,10.562906
940,2013-10-01,ADBE,52.099998,52.43,51.84,52.48,3243300.0,10.5246
941,2013-10-02,ADBE,51.790001,51.52,51.290001,52.279999,3691200.0,10.581225
942,2013-10-03,ADBE,51.610001,50.880001,50.540001,51.650002,3862200.0,10.664596
943,2013-10-04,ADBE,50.09,51.57,50.02,51.669998,3880900.0,10.624414
944,2013-10-07,ADBE,51.049999,50.82,50.790001,51.34,2582700.0,10.639622
945,2013-10-08,ADBE,50.93,49.580002,49.439999,50.970001,4953800.0,10.6318865
946,2013-10-09,ADBE,49.619999,49.450001,48.869999,49.869999,4347300.0,10.471008
947,2013-10-10,ADBE,50.060001,51.169998,49.860001,51.220001,3740900.0,10.404473
948,2013-10-11,ADBE,50.82,52.189999,50.82,52.220001,3410500.0,10.620599
949,2013-10-14,ADBE,51.900002,52.630001,51.720001,52.830002,4910000.0,10.780911
950,2013-10-15,ADBE,52.310001,51.93,51.810001,52.779999,3658800.0,10.785855
951,2013-10-16,ADBE,51.540001,51.91,51.540001,52.580002,3367700.0,10.749905
952,2013-10-17,ADBE,51.869999,52.07,51.700001,52.310001,3776600.0,10.755876
953,2013-10-18,ADBE,52.150002,52.630001,52.0,52.779999,4210100.0,10.854251
954,2013-10-21,ADBE,52.73,53.080002,52.709999,53.27,3739700.0,10.9548025
955,2013-10-22,ADBE,53.470001,53.169998,52.990002,53.57,4375700.0,11.039893
956,2013-10-23,ADBE,52.75,53.060001,52.16,53.450001,4386800.0,11.055732
957,2013-10-24,ADBE,53.060001,54.209999,53.049999,54.580002,5717200.0,10.936474
958,2013-10-25,ADBE,54.07,53.810001,53.459999,54.200001,6186100.0,10.365256
959,2013-10-28,ADBE,53.91,53.93,53.59,54.369999,3505000.0,9.9939995
960,2013-10-29,ADBE,54.0,54.860001,53.91,55.119999,5148300.0,10.05647
961,2013-10-30,ADBE,54.869999,54.099998,53.689999,55.07,3482400.0,10.095707
962,2013-10-31,ADBE,54.009998,54.220001,53.900002,54.560001,3509500.0,10.114753
963,2013-11-01,ADBE,54.610001,54.610001,54.139999,54.68,2720000.0,10.169829
964,2013-11-04,ADBE,55.009998,55.389999,54.66,55.419998,3433600.0,10.2485485
965,2013-11-05,ADBE,55.240002,54.790001,54.669998,55.279999,3616600.0,10.351278
966,2013-11-06,ADBE,54.900002,54.880001,54.540001,55.110001,3286100.0,10.453245
967,2013-11-07,ADBE,55.049999,53.169998,53.099998,55.169998,5526600.0,10.499702
968,2013-11-08,ADBE,53.419998,54.84,53.330002,54.93,5940900.0,10.415966
969,2013-11-11,ADBE,54.849998,56.18,54.490002,56.18,4221800.0,10.4246645
970,2013-11-12,ADBE,55.84,56.240002,55.599998,56.34,2929200.0,10.494199
971,2013-11-13,ADBE,55.59,57.549999,55.59,57.59,5168600.0,10.66409
972,2013-11-14,ADBE,57.560001,57.169998,56.91,57.990002,4571300.0,10.970129
973,2013-11-15,ADBE,57.540001,57.349998,56.779999,57.59,2909900.0,11.097668
974,2013-11-18,ADBE,57.450001,56.599998,56.400002,57.490002,3173600.0,11.098269
975,2013-11-19,ADBE,56.73,55.77,55.650002,56.73,3405000.0,11.123933
976,2013-11-20,ADBE,55.98,55.939999,55.799999,56.32,2931300.0,11.199798
977,2013-11-21,ADBE,56.279999,56.23,55.860001,56.59,2461200.0,11.143725
978,2013-11-22,ADBE,56.259998,56.41,55.889999,56.5,2890800.0,11.092531
979,2013-11-25,ADBE,56.619999,56.950001,56.5,57.18,2986400.0,11.192235
980,2013-11-26,ADBE,56.869999,56.700001,56.200001,56.889999,2841000.0,11.253376
981,2013-11-27,ADBE,56.849998,56.91,56.68,57.029999,2134000.0,11.270338
982,2013-11-29,ADBE,57.119999,56.779999,56.619999,57.150002,965200.0,11.294885
983,2013-12-02,ADBE,56.740002,56.759998,56.610001,57.029999,1950800.0,11.345835
984,2013-12-03,ADBE,56.630001,56.400002,56.389999,57.060001,4129500.0,11.450483
985,2013-12-04,ADBE,56.189999,56.049999,55.419998,56.43,3663500.0,11.409895
986,2013-12-05,ADBE,55.630001,55.040001,54.470001,55.75,7792700.0,11.22159
987,2013-12-06,ADBE,55.990002,55.599998,55.549999,56.099998,3334300.0,11.117142
988,2013-12-09,ADBE,55.939999,55.439999,55.240002,56.049999,3397700.0,11.207206
989,2013-12-10,ADBE,55.380001,55.32,54.650002,55.389999,3787300.0,11.368445
990,2013-12-11,ADBE,55.25,54.639999,54.580002,55.599998,3990000.0,11.442425
991,2013-12-12,ADBE,54.439999,53.990002,53.93,54.939999,6248200.0,11.317314
992,2013-12-13,ADBE,58.060001,60.889999,58.0,61.09,15848100.0,11.217501
993,2013-12-16,ADBE,60.630001,58.5,58.400002,60.880001,8786000.0,11.289729
994,2013-12-17,ADBE,58.5,57.669998,57.540001,58.880001,6351800.0,11.41826
995,2013-12-18,ADBE,57.580002,59.040001,57.02,59.07,4975300.0,11.477858
996,2013-12-19,ADBE,58.73,58.130001,58.07,58.98,3310500.0,11.585086
997,2013-12-20,ADBE,58.419998,59.259998,58.220001,59.549999,5363200.0,11.697578
998,2013-12-23,ADBE,59.740002,59.470001,59.119999,59.889999,1947900.0,11.753392
999,2013-12-24,ADBE,59.580002,59.529999,59.220001,59.779999,846700.0,11.858306
1000,2013-12-26,ADBE,59.529999,59.580002,59.48,59.990002,1026500.0,11.982641
1001,2013-12-27,ADBE,59.73,59.509998,59.279999,59.990002,1266900.0,12.06261
1002,2013-12-30,ADBE,59.669998,59.549999,59.240002,59.799999,1329100.0,12.068448
1003,2013-12-31,ADBE,59.599998,59.880001,59.560001,59.919998,1391300.0,12.034589
1004,2014-01-02,ADBE,59.060001,59.290001,58.939999,59.529999,2745900.0,12.024292
1005,2014-01-03,ADBE,59.189999,59.16,59.110001,59.689999,1589000.0,11.916088
1006,2014-01-06,ADBE,58.060001,58.119999,58.009998,58.77,3753600.0,11.8520155
1007,2014-01-07,ADBE,58.259998,58.970001,58.060001,59.049999,2963600.0,11.927186
1008,2014-01-08,ADBE,59.119999,58.900002,58.459999,59.279999,3456000.0,12.010153
1009,2014-01-09,ADBE,58.990002,59.09,58.720001,59.529999,2427400.0,11.999517
1010,2014-01-10,ADBE,59.349998,59.529999,58.950001,59.630001,1829100.0,11.943908
1011,2014-01-13,ADBE,59.279999,58.599998,58.41,59.439999,2928700.0,11.90568
1012,2014-01-14,ADBE,58.68,60.369999,58.630001,60.529999,4179500.0,11.980651
1013,2014-01-15,ADBE,60.439999,61.68,60.400002,61.810001,4220300.0,12.087552
1014,2014-01-16,ADBE,61.59,61.630001,61.259998,61.98,3747800.0,12.164929
1015,2014-01-17,ADBE,61.02,61.369999,60.799999,61.599998,3314500.0,12.237457
1016,2014-01-21,ADBE,61.5,60.849998,60.700001,61.790001,3198700.0,12.149292
1017,2014-01-22,ADBE,60.93,61.77,60.700001,61.810001,3594000.0,12.030127
1018,2014-01-23,ADBE,61.18,60.880001,60.32,61.43,2671300.0,11.9713955
1019,2014-01-24,ADBE,60.299999,59.09,59.09,60.439999,2850700.0,11.807232
1020,2014-01-27,ADBE,58.110001,58.360001,57.860001,58.880001,5258000.0,11.462616
1021,2014-01-28,ADBE,57.98,59.110001,57.880001,59.459999,3529500.0,10.989449
1022,2014-01-29,ADBE,58.610001,58.459999,58.169998,59.18,3585400.0,10.870304
1023,2014-01-30,ADBE,59.119999,59.389999,59.02,59.900002,2768300.0,10.854135
1024,2014-01-31,ADBE,58.150002,59.189999,58.09,59.540001,3112900.0,10.944387
1025,2014-02-03,ADBE,59.080002,58.09,57.32,59.259998,6649100.0,11.022728
1026,2014-02-04,ADBE,58.48,59.720001,57.650002,59.740002,3593200.0,10.755922
1027,2014-02-05,ADBE,59.540001,61.0,59.27,61.02,5122600.0,10.578424
1028,2014-02-06,ADBE,60.700001,61.34,60.650002,61.650002,2898200.0,10.532648
1029,2014-02-07,ADBE,61.580002,62.880001,61.299999,63.240002,4822500.0,10.524431
1030,2014-02-10,ADBE,62.73,63.779999,62.52,63.799999,2833400.0,10.569013
1031,2014-02-11,ADBE,64.480003,63.970001,63.66,64.879997,4648000.0,10.587077
1032,2014-02-12,ADBE,64.209999,65.139999,64.089996,65.150002,3137800.0,10.656952
1033,2014-02-13,ADBE,64.839996,67.040001,64.830002,67.110001,3606900.0,10.759623
1034,2014-02-14,ADBE,67.480003,68.339996,67.0,68.489998,6232000.0,10.849898
1035,2014-02-18,ADBE,68.620003,68.660004,68.0,69.099998,3757900.0,10.868235
1036,2014-02-19,ADBE,68.449997,67.989998,67.68,69.43,3994300.0,10.841955
1037,2014-02-20,ADBE,68.190002,68.480003,67.699997,68.660004,3162200.0,10.824553
1038,2014-02-21,ADBE,67.82,68.220001,67.550003,68.440002,3610200.0,10.835647
1039,2014-02-24,ADBE,68.540001,68.769997,68.0,69.279999,2811700.0,10.858168
1040,2014-02-25,ADBE,68.709999,68.010002,67.629997,68.760002,3566400.0,10.875584
1041,2014-02-26,ADBE,67.730003,67.82,67.650002,68.949997,3066500.0,10.842716
1042,2014-02-27,ADBE,67.900002,69.919998,67.82,70.080002,4724500.0,10.836245
1043,2014-02-28,ADBE,70.25,68.629997,67.830002,71.110001,5728600.0,10.975258
1044,2014-03-03,ADBE,68.059998,67.860001,67.139999,68.150002,3395000.0,11.06508
1045,2014-03-04,ADBE,68.599998,68.599998,68.5,69.040001,5425500.0,11.008864
1046,2014-03-05,ADBE,68.790001,68.900002,68.519997,69.029999,3070100.0,11.04667
1047,2014-03-06,ADBE,69.139999,68.919998,68.849998,69.419998,3059200.0,11.057093
1048,2014-03-07,ADBE,69.209999,68.519997,67.970001,69.309998,2500300.0,11.078645
1049,2014-03-10,ADBE,68.68,68.040001,67.309998,68.68,3032800.0,11.072778
1050,2014-03-11,ADBE,68.190002,67.470001,67.25,68.599998,3345000.0,10.977541
1051,2014-03-12,ADBE,67.059998,68.059998,66.75,68.099998,2433600.0,10.895126
1052,2014-03-13,ADBE,68.480003,67.080002,66.629997,68.830002,2870900.0,10.876183
1053,2014-03-14,ADBE,67.699997,67.190002,66.870003,67.699997,3006600.0,10.816013
1054,2014-03-17,ADBE,67.889999,68.169998,67.730003,69.349998,3932400.0,10.744802
1055,2014-03-18,ADBE,67.660004,68.519997,67.519997,70.239998,11438500.0,10.796939
1056,2014-03-19,ADBE,69.010002,67.629997,66.150002,69.010002,7683100.0,10.898562
1057,2014-03-20,ADBE,67.550003,68.489998,67.440002,69.080002,5280200.0,10.890771
1058,2014-03-21,ADBE,69.059998,67.139999,66.910004,69.059998,5477200.0,10.946517
1059,2014-03-24,ADBE,67.220001,65.239998,64.769997,67.480003,5905700.0,11.141896
1060,2014-03-25,ADBE,65.75,65.809998,65.059998,66.739998,4245500.0,11.136173
1061,2014-03-26,ADBE,66.099998,63.900002,63.880001,66.389999,4714000.0,11.08378
1062,2014-03-27,ADBE,63.599998,64.529999,63.049999,65.160004,5556700.0,11.066442
1063,2014-03-28,ADBE,64.709999,64.879997,64.150002,65.610001,4019800.0,11.0112705
1064,2014-03-31,ADBE,64.870003,65.739998,64.620003,65.949997,3213900.0,11.061752
1065,2014-04-01,ADBE,65.900002,65.93,65.440002,66.220001,3398400.0,11.223546
1066,2014-04-02,ADBE,66.07,65.480003,65.120003,66.309998,2587000.0,11.376036
1067,2014-04-03,ADBE,65.5,62.450001,62.169998,65.5,6984500.0,11.455653
1068,2014-04-04,ADBE,62.919998,61.32,61.099998,62.919998,6157100.0,11.597744
1069,2014-04-07,ADBE,61.200001,60.470001,59.630001,61.200001,6271100.0,11.572406
1070,2014-04-08,ADBE,60.529999,61.82,60.110001,62.25,6710000.0,11.43999
1071,2014-04-09,ADBE,62.0,63.459999,61.560001,63.689999,6427400.0,11.447442
1072,2014-04-10,ADBE,63.049999,61.490002,61.27,63.450001,5648500.0,11.470252
1073,2014-04-11,ADBE,60.889999,60.5,60.02,61.75,5930700.0,11.390912
1074,2014-04-14,ADBE,61.18,61.389999,60.549999,61.66,3234000.0,11.212813
1075,2014-04-15,ADBE,61.5,62.110001,60.5,62.290001,3598600.0,11.245492
1076,2014-04-16,ADBE,62.27,63.040001,62.25,63.139999,3370600.0,11.337793
1077,2014-04-17,ADBE,62.959999,64.040001,62.529999,64.230003,3745800.0,11.406256
1078,2014-04-21,ADBE,64.0,64.300003,63.560001,64.459999,2077300.0,11.447591
1079,2014-04-22,ADBE,64.059998,64.480003,63.759998,64.739998,3854900.0,11.438624
1080,2014-04-23,ADBE,64.230003,64.389999,63.779999,64.580002,2863700.0,11.506775
1081,2014-04-24,ADBE,64.889999,63.220001,62.93,65.0,3961200.0,11.716241
1082,2014-04-25,ADBE,62.919998,61.610001,61.560001,63.029999,4288500.0,11.871175
1083,2014-04-28,ADBE,61.84,60.400002,59.619999,62.169998,4375800.0,11.771569
1084,2014-04-29,ADBE,60.57,60.91,59.91,60.93,3531600.0,11.791359
1085,2014-04-30,ADBE,60.869999,61.689999,60.630001,61.799999,3722100.0,11.93993
1086,2014-05-01,ADBE,61.689999,62.59,61.310001,63.099998,2839300.0,11.973248
1087,2014-05-02,ADBE,62.860001,61.560001,61.529999,62.970001,2365300.0,11.961112
1088,2014-05-05,ADBE,61.200001,61.439999,60.880001,61.98,2070200.0,11.9349985
1089,2014-05-06,ADBE,61.150002,59.439999,59.34,61.349998,3913200.0,11.893559
1090,2014-05-07,ADBE,59.560001,58.630001,57.150002,59.68,7061100.0,11.758867
1091,2014-05-08,ADBE,58.34,59.080002,57.900002,60.610001,3824900.0,11.7082815
1092,2014-05-09,ADBE,59.139999,59.59,58.169998,59.610001,3607800.0,11.790276
1093,2014-05-12,ADBE,59.77,60.700001,59.740002,61.049999,2863600.0,11.78919
1094,2014-05-13,ADBE,60.810001,60.810001,60.139999,60.970001,2938400.0,11.83409
1095,2014-05-14,ADBE,59.950001,60.880001,59.950001,61.349998,2497800.0,11.934859
1096,2014-05-15,ADBE,60.709999,60.200001,59.560001,60.950001,5699200.0,11.91657
1097,2014-05-16,ADBE,60.650002,61.639999,59.93,61.689999,3651200.0,11.821039
1098,2014-05-19,ADBE,61.27,62.200001,61.259998,62.84,2817600.0,11.8062
1099,2014-05-20,ADBE,62.119999,61.709999,61.419998,62.450001,1865300.0,11.939789
1100,2014-05-21,ADBE,61.73,62.470001,61.529999,62.66,1414100.0,11.956176
1101,2014-05-22,ADBE,62.290001,63.150002,61.91,63.459999,1814700.0,11.824253
1102,2014-05-23,ADBE,63.330002,64.300003,62.84,64.480003,2281900.0,11.753536
1103,2014-05-27,ADBE,64.639999,65.25,64.610001,65.489998,2150600.0,11.848654
1104,2014-05-28,ADBE,65.43,64.839996,64.790001,65.480003,2198400.0,11.980791
1105,2014-05-29,ADBE,64.93,65.449997,64.93,65.82,2061000.0,12.03768
1106,2014-05-30,ADBE,65.75,64.540001,64.169998,65.75,2444300.0,12.101575
1107,2014-06-02,ADBE,64.540001,64.639999,63.68,65.040001,1427700.0,12.162451
1108,2014-06-03,ADBE,64.190002,64.089996,63.490002,64.459999,3010200.0,12.208585
1109,2014-06-04,ADBE,64.099998,64.169998,63.619999,64.730003,2675600.0,12.25414
1110,2014-06-05,ADBE,64.300003,65.470001,63.93,65.620003,2041900.0,12.291385
1111,2014-06-06,ADBE,65.989998,66.910004,65.690002,67.32,3623500.0,12.266475
1112,2014-06-09,ADBE,66.699997,66.93,66.589996,67.379997,1339800.0,12.42923
1113,2014-06-10,ADBE,66.690002,66.959999,66.459999,67.190002,1558800.0,12.631518
1114,2014-06-11,ADBE,66.900002,67.459999,66.660004,67.5,1607900.0,12.622612
1115,2014-06-12,ADBE,67.230003,66.559998,66.279999,67.459999,1940100.0,12.550944
1116,2014-06-13,ADBE,66.699997,66.82,66.25,66.949997,2981100.0,12.461994
1117,2014-06-16,ADBE,66.800003,67.620003,66.519997,67.790001,4370400.0,12.406521
1118,2014-06-17,ADBE,67.360001,67.540001,66.860001,68.0,6654100.0,12.37631
1119,2014-06-18,ADBE,73.82,73.080002,72.099998,74.690002,11376700.0,12.446865
1120,2014-06-19,ADBE,73.169998,72.949997,72.239998,73.57,4413400.0,12.506389
1121,2014-06-20,ADBE,73.040001,72.610001,72.550003,73.150002,3904500.0,12.364955
1122,2014-06-23,ADBE,72.739998,72.889999,72.290001,73.160004,2354200.0,12.216433
1123,2014-06-24,ADBE,72.949997,72.379997,72.18,73.279999,2948600.0,12.257867
1124,2014-06-25,ADBE,72.269997,72.440002,72.120003,72.760002,2218800.0,12.256264
1125,2014-06-26,ADBE,72.440002,72.849998,72.18,72.900002,2075300.0,12.3239
1126,2014-06-27,ADBE,72.620003,72.0,71.760002,72.769997,7315500.0,12.293012
1127,2014-06-30,ADBE,72.43,72.360001,71.959999,72.739998,2771300.0,12.249525
1128,2014-07-01,ADBE,72.089996,73.010002,71.800003,73.989998,4718400.0,12.283788
1129,2014-07-02,ADBE,72.650002,72.760002,72.599998,73.239998,2682100.0,12.22987
1130,2014-07-03,ADBE,72.949997,73.57,72.68,73.709999,1396100.0,12.188814
1131,2014-07-07,ADBE,73.07,72.68,72.580002,73.419998,1768300.0,12.222642
1132,2014-07-08,ADBE,72.589996,71.139999,70.870003,72.870003,2789000.0,12.157619
1133,2014-07-09,ADBE,71.110001,71.57,71.110001,71.970001,1749500.0,12.060755
1134,2014-07-10,ADBE,70.459999,71.699997,70.309998,72.080002,1853200.0,12.177597
1135,2014-07-11,ADBE,71.730003,72.260002,71.050003,72.440002,1930600.0,12.25041
1136,2014-07-14,ADBE,72.550003,72.879997,72.459999,73.260002,1862500.0,12.366932
1137,2014-07-15,ADBE,72.800003,72.290001,71.870003,73.110001,2752700.0,12.4818735
1138,2014-07-16,ADBE,72.550003,72.379997,72.190002,72.870003,1512600.0,12.442622
1139,2014-07-17,ADBE,72.110001,71.389999,71.309998,72.470001,2032400.0,12.514518
1140,2014-07-18,ADBE,71.900002,72.550003,71.349998,72.580002,2856900.0,12.5818815
1141,2014-07-21,ADBE,72.5,71.959999,71.699997,72.650002,1906100.0,12.643055
1142,2014-07-22,ADBE,72.129997,72.260002,71.910004,72.830002,1769500.0,12.7001505
1143,2014-07-23,ADBE,72.339996,72.040001,71.480003,72.550003,1873800.0,12.737582
1144,2014-07-24,ADBE,72.300003,72.800003,72.199997,72.900002,2414100.0,12.649939
1145,2014-07-25,ADBE,72.540001,72.620003,72.230003,73.150002,1996700.0,12.568228
1146,2014-07-28,ADBE,72.389999,72.699997,71.839996,73.019997,1721800.0,12.731554
1147,2014-07-29,ADBE,72.699997,72.269997,72.239998,73.25,1916100.0,12.829746
1148,2014-07-30,ADBE,72.5,71.889999,71.470001,72.699997,2667600.0,12.7559185
1149,2014-07-31,ADBE,71.309998,69.25,69.010002,71.540001,3822100.0,12.87219
1150,2014-08-01,ADBE,69.010002,68.940002,68.519997,69.550003,2109000.0,12.976546
1151,2014-08-04,ADBE,68.949997,68.769997,68.349998,69.239998,3037300.0,12.845463
1152,2014-08-05,ADBE,68.300003,68.970001,68.290001,69.550003,3456700.0,12.800439
1153,2014-08-06,ADBE,68.730003,68.230003,68.220001,69.07,2455700.0,12.812884
1154,2014-08-07,ADBE,68.690002,67.830002,67.57,68.879997,2292500.0,12.752653
1155,2014-08-08,ADBE,68.080002,68.389999,67.739998,68.639999,1573200.0,12.690482
1156,2014-08-11,ADBE,68.5,68.970001,68.279999,69.18,2196900.0,12.784722
1157,2014-08-12,ADBE,68.610001,68.790001,68.199997,68.989998,1919200.0,12.96332
1158,2014-08-13,ADBE,69.120003,69.790001,68.360001,69.970001,1881800.0,13.048018
1159,2014-08-14,ADBE,69.889999,70.050003,69.589996,70.07,1318700.0,13.14565
1160,2014-08-15,ADBE,70.879997,70.07,69.580002,70.910004,4311600.0,13.157002
1161,2014-08-18,ADBE,70.440002,71.059998,70.389999,71.099998,1707300.0,13.078715
1162,2014-08-19,ADBE,71.089996,72.050003,71.059998,72.080002,1997800.0,13.100733
1163,2014-08-20,ADBE,71.779999,71.019997,70.75,72.0,3395300.0,13.121713
1164,2014-08-21,ADBE,71.07,71.730003,70.830002,71.900002,1886900.0,13.147033
1165,2014-08-22,ADBE,71.889999,72.040001,71.550003,72.290001,1443900.0,13.209707
1166,2014-08-25,ADBE,72.440002,71.82,71.629997,72.57,1709000.0,13.228705
1167,2014-08-26,ADBE,71.790001,71.529999,71.5,72.25,1848200.0,13.233906
1168,2014-08-27,ADBE,71.529999,71.550003,71.370003,72.089996,1705600.0,13.269157
1169,2014-08-28,ADBE,71.230003,71.370003,70.860001,71.720001,1062900.0,13.311021
1170,2014-08-29,ADBE,71.769997,71.900002,71.400002,72.099998,1659500.0,13.349618
1171,2014-09-02,ADBE,72.059998,72.099998,71.839996,72.589996,2161400.0,13.392176
1172,2014-09-03,ADBE,72.550003,72.43,71.989998,72.800003,1971400.0,13.425606
1173,2014-09-04,ADBE,72.629997,72.459999,72.260002,73.199997,1976000.0,13.533694
1174,2014-09-05,ADBE,72.599998,73.129997,72.410004,73.129997,1736200.0,13.419398
1175,2014-09-08,ADBE,72.870003,73.389999,72.809998,73.550003,1373500.0,13.20918
1176,2014-09-09,ADBE,73.580002,72.419998,72.339996,73.580002,1648300.0,13.110062
1177,2014-09-10,ADBE,72.25,72.330002,71.839996,72.75,2213500.0,13.091626
1178,2014-09-11,ADBE,72.029999,72.419998,71.779999,72.57,1708800.0,13.195912
1179,2014-09-12,ADBE,72.400002,70.980003,70.800003,72.489998,3145600.0,13.245053
1180,2014-09-15,ADBE,70.629997,70.269997,69.370003,70.959999,3867700.0,13.210453
1181,2014-09-16,ADBE,70.010002,70.730003,69.190002,70.959999,5965200.0,13.122456
1182,2014-09-17,ADBE,68.029999,67.300003,67.160004,69.089996,9463300.0,13.200359
1183,2014-09-18,ADBE,67.279999,67.910004,67.099998,68.150002,5173900.0,13.40974
1184,2014-09-19,ADBE,68.120003,66.940002,66.349998,68.199997,6790000.0,13.479408
1185,2014-09-22,ADBE,66.699997,67.199997,65.790001,67.220001,4122200.0,13.517371
1186,2014-09-23,ADBE,67.110001,67.790001,66.849998,68.07,4414100.0,13.405568
1187,2014-09-24,ADBE,67.769997,69.029999,67.599998,69.25,3879800.0,13.243779
1188,2014-09-25,ADBE,68.849998,67.709999,67.529999,69.019997,3622900.0,13.216289
1189,2014-09-26,ADBE,67.489998,68.360001,67.419998,68.419998,2286600.0,13.070462
1190,2014-09-29,ADBE,67.690002,69.220001,67.550003,69.489998,3379600.0,12.922571
1191,2014-09-30,ADBE,69.489998,69.190002,68.529999,69.5,2887200.0,12.916655
1192,2014-10-01,ADBE,69.129997,67.540001,67.510002,69.129997,4650600.0,12.923836
1193,2014-10-02,ADBE,67.830002,67.059998,66.150002,67.949997,3936900.0,12.851891
1194,2014-10-03,ADBE,67.589996,68.400002,67.589996,68.669998,2873600.0,12.748128
1195,2014-10-06,ADBE,68.559998,67.669998,67.449997,68.800003,1586000.0,12.740849
1196,2014-10-07,ADBE,67.400002,65.959999,65.93,67.629997,3308200.0,12.740969
1197,2014-10-08,ADBE,66.0,67.989998,65.410004,68.089996,3562500.0,12.613704
1198,2014-10-09,ADBE,67.830002,65.660004,65.480003,67.959999,3376800.0,12.67329
1199,2014-10-10,ADBE,65.370003,63.290001,63.290001,65.580002,4640900.0,12.652568
1200,2014-10-13,ADBE,63.009998,61.68,61.529999,63.349998,4822100.0,12.42538
1201,2014-10-14,ADBE,62.169998,60.880001,60.689999,62.299999,4189500.0,12.272952
1202,2014-10-15,ADBE,59.610001,62.189999,58.509998,62.650002,8333600.0,12.390018
1203,2014-10-16,ADBE,60.720001,62.860001,60.720001,63.720001,6640000.0,12.509642
1204,2014-10-17,ADBE,63.459999,64.519997,63.459999,65.129997,6540800.0,12.356596
1205,2014-10-20,ADBE,64.25,64.68,63.700001,64.730003,4266200.0,12.360574
1206,2014-10-21,ADBE,64.839996,66.43,64.510002,66.559998,3222800.0,12.457369
1207,2014-10-22,ADBE,66.309998,65.040001,64.989998,66.489998,2363300.0,12.691861
1208,2014-10-23,ADBE,65.620003,65.919998,65.169998,66.400002,1783800.0,12.447302
1209,2014-10-24,ADBE,66.260002,67.010002,65.5,67.080002,1391600.0,12.320378
1210,2014-10-27,ADBE,66.839996,67.029999,66.309998,67.339996,1490800.0,12.437623
1211,2014-10-28,ADBE,67.449997,68.370003,67.199997,68.510002,1951100.0,12.469986
1212,2014-10-29,ADBE,68.209999,67.93,67.519997,68.809998,2054400.0,12.6650095
1213,2014-10-30,ADBE,67.230003,68.57,67.230003,68.610001,1896300.0,12.706677
1214,2014-10-31,ADBE,69.889999,70.120003,69.269997,70.25,2949200.0,12.616843
1215,2014-11-03,ADBE,69.93,69.910004,69.660004,70.269997,1889000.0,12.778686
1216,2014-11-04,ADBE,69.949997,71.07,69.75,71.099998,2996000.0,12.966714
1217,2014-11-05,ADBE,71.529999,71.370003,70.889999,72.040001,6146600.0,12.911598
1218,2014-11-06,ADBE,71.589996,72.099998,71.370003,72.370003,2345300.0,12.860843
1219,2014-11-07,ADBE,72.349998,71.599998,71.440002,72.400002,4303100.0,12.924351
1220,2014-11-10,ADBE,71.629997,71.699997,71.18,72.0,2388800.0,13.047272
1221,2014-11-11,ADBE,71.809998,71.699997,71.400002,72.0,1876000.0,13.069613
1222,2014-11-12,ADBE,71.349998,71.410004,71.260002,71.730003,1581700.0,13.106555
1223,2014-11-13,ADBE,71.650002,71.720001,71.300003,72.080002,2560800.0,13.169934
1224,2014-11-14,ADBE,71.699997,71.419998,71.349998,72.0,2470500.0,13.137394
1225,2014-11-17,ADBE,70.980003,69.970001,69.870003,71.25,3443100.0,13.096926
1226,2014-11-18,ADBE,69.860001,70.830002,69.860001,71.080002,2833200.0,13.116411
1227,2014-11-19,ADBE,71.010002,70.82,70.419998,71.059998,2193800.0,13.203764
1228,2014-11-20,ADBE,70.330002,70.440002,70.019997,70.550003,2250500.0,13.167498
1229,2014-11-21,ADBE,72.0,71.32,71.18,72.550003,4554400.0,13.139189
1230,2014-11-24,ADBE,71.519997,71.220001,70.730003,71.550003,1821200.0,13.200584
1231,2014-11-25,ADBE,71.199997,72.0,71.199997,72.519997,2842600.0,13.261935
1232,2014-11-26,ADBE,72.080002,72.980003,71.739998,73.0,1467600.0,13.337812
1233,2014-11-28,ADBE,73.129997,73.68,73.050003,74.099998,978400.0,13.428802
1234,2014-12-01,ADBE,73.639999,73.75,73.199997,73.970001,2023300.0,13.512143
1235,2014-12-02,ADBE,74.0,73.470001,73.080002,74.0,1843600.0,13.480147
1236,2014-12-03,ADBE,73.639999,73.18,72.889999,73.639999,1569100.0,13.433486
1237,2014-12-04,ADBE,73.089996,73.029999,72.400002,73.230003,1415200.0,13.607144
1238,2014-12-05,ADBE,73.160004,72.400002,72.360001,73.25,3061700.0,13.748937
1239,2014-12-08,ADBE,72.400002,72.050003,71.599998,72.779999,1630100.0,13.800255
1240,2014-12-09,ADBE,71.339996,71.57,70.68,71.660004,2866100.0,13.728034
1241,2014-12-10,ADBE,71.559998,69.849998,69.739998,71.970001,2567900.0,13.583845
1242,2014-12-11,ADBE,70.099998,69.739998,69.660004,71.139999,5075100.0,13.378746
1243,2014-12-12,ADBE,74.169998,76.019997,73.709999,77.559998,12613700.0,13.310913
1244,2014-12-15,ADBE,75.660004,73.040001,72.839996,76.129997,9696700.0,13.222437
1245,2014-12-16,ADBE,72.870003,72.32,72.309998,73.800003,4051200.0,13.048132
1246,2014-12-17,ADBE,72.5,74.0,72.160004,74.57,4180900.0,13.017452
1247,2014-12-18,ADBE,75.410004,74.889999,74.599998,75.540001,6913500.0,13.0714035
1248,2014-12-19,ADBE,75.0,74.449997,73.989998,75.239998,6969500.0,13.310685
1249,2014-12-22,ADBE,74.379997,74.5,74.379997,75.139999,3815400.0,13.512143
1250,2014-12-23,ADBE,74.650002,74.379997,74.290001,75.0,1938400.0,13.544357
1251,2014-12-24,ADBE,74.489998,74.739998,74.370003,74.93,1204600.0,13.594215
1252,2014-12-26,ADBE,74.739998,74.669998,74.419998,75.169998,1083700.0,13.638333
1253,2014-12-29,ADBE,74.559998,74.129997,74.0,74.580002,925100.0,13.669871
1254,2014-12-30,ADBE,73.629997,73.080002,72.75,73.860001,1581700.0,13.69361
1255,2014-12-31,ADBE,73.400002,72.699997,72.650002,74.209999,1359300.0,13.633833
1256,2015-01-02,ADBE,72.699997,72.339996,71.889999,73.199997,2349200.0,13.513625
1257,2015-01-05,ADBE,72.209999,71.980003,71.57,72.43,2403300.0,13.404093
1258,2015-01-06,ADBE,71.949997,70.529999,69.879997,72.099998,2895400.0,13.223713
1259,2015-01-07,ADBE,70.769997,71.110001,70.419998,71.290001,2378300.0,13.024121
1260,2015-01-08,ADBE,71.400002,72.919998,71.309998,73.059998,2624200.0,13.030978
1261,2015-01-09,ADBE,72.889999,71.839996,71.629997,73.129997,1730300.0,13.266275
1262,2015-01-12,ADBE,72.129997,71.120003,70.75,72.260002,1337900.0,13.375253
1263,2015-01-13,ADBE,71.949997,70.589996,69.949997,72.959999,2103800.0,13.2797785
1264,2015-01-14,ADBE,69.879997,69.989998,68.980003,70.400002,1873900.0,13.256732
1265,2015-01-15,ADBE,71.709999,70.290001,70.160004,71.75,2839200.0,13.311659
1266,2015-01-16,ADBE,70.029999,71.730003,70.029999,71.849998,2375300.0,13.184566
1267,2015-01-20,ADBE,71.790001,71.489998,70.580002,71.989998,1612000.0,13.150843
1268,2015-01-21,ADBE,71.160004,71.540001,70.370003,71.889999,1787900.0,13.187646
1269,2015-01-22,ADBE,71.900002,73.480003,70.900002,73.650002,2178500.0,13.184884
1270,2015-01-23,ADBE,73.440002,74.059998,73.059998,74.400002,1851700.0,13.39451
1271,2015-01-26,ADBE,72.610001,72.739998,71.68,73.150002,3593700.0,13.47034
1272,2015-01-27,ADBE,71.709999,71.459999,71.059998,72.360001,1798600.0,13.375891
1273,2015-01-28,ADBE,71.540001,70.25,70.07,71.839996,2281100.0,13.274573
1274,2015-01-29,ADBE,70.029999,71.639999,69.779999,71.82,2538100.0,13.057445
1275,2015-01-30,ADBE,71.32,70.129997,70.059998,71.669998,2331800.0,13.073821
1276,2015-02-02,ADBE,70.440002,71.110001,69.040001,71.199997,2381900.0,13.021689
1277,2015-02-03,ADBE,71.540001,71.919998,71.0,71.970001,1555900.0,12.964583
1278,2015-02-04,ADBE,71.790001,72.279999,71.779999,72.620003,2165200.0,13.069503
1279,2015-02-05,ADBE,72.470001,73.099998,72.32,73.18,1438800.0,13.079985
1280,2015-02-06,ADBE,73.18,72.540001,72.239998,73.620003,1367400.0,13.094911
1281,2015-02-09,ADBE,72.089996,72.330002,72.040001,72.980003,1627800.0,13.100845
1282,2015-02-10,ADBE,72.940002,72.760002,72.110001,73.190002,1696200.0,13.075434
1283,2015-02-11,ADBE,72.779999,73.010002,72.349998,73.139999,1600900.0,13.104651
1284,2015-02-12,ADBE,73.599998,74.589996,73.309998,74.760002,2243500.0,13.130823
1285,2015-02-13,ADBE,74.980003,76.510002,74.769997,76.620003,3819300.0,13.168552
1286,2015-02-17,ADBE,76.669998,77.129997,76.309998,77.220001,1986600.0,13.299114
1287,2015-02-18,ADBE,77.019997,77.730003,76.800003,78.0,1683400.0,13.341214
1288,2015-02-19,ADBE,77.419998,77.730003,77.199997,77.940002,1556100.0,13.373765
1289,2015-02-20,ADBE,77.760002,78.550003,77.199997,78.559998,1626900.0,13.392279
1290,2015-02-23,ADBE,78.650002,78.099998,77.790001,78.690002,1455800.0,13.475255
1291,2015-02-24,ADBE,78.029999,77.68,77.080002,78.029999,1954300.0,13.537205
1292,2015-02-25,ADBE,77.760002,78.07,77.470001,78.440002,1256400.0,13.533158
1293,2015-02-26,ADBE,78.32,78.959999,78.019997,79.07,1546000.0,13.428464
1294,2015-02-27,ADBE,79.239998,79.099998,78.93,80.300003,3115800.0,13.163041
1295,2015-03-02,ADBE,79.139999,79.790001,78.720001,79.790001,1497700.0,13.161861
1296,2015-03-03,ADBE,79.629997,78.989998,78.970001,79.989998,1616300.0,13.243779
1297,2015-03-04,ADBE,78.709999,77.629997,77.129997,78.739998,2393600.0,13.147886
1298,2015-03-05,ADBE,77.599998,78.620003,77.300003,78.709999,1850100.0,13.061781
1299,2015-03-06,ADBE,78.190002,77.550003,77.050003,78.5,2537100.0,13.106555
1300,2015-03-09,ADBE,77.760002,77.93,77.43,78.239998,2010900.0,12.992406
1301,2015-03-10,ADBE,77.25,76.010002,75.989998,77.290001,2622000.0,12.898387
1302,2015-03-11,ADBE,75.910004,76.010002,75.68,76.779999,1692200.0,12.714171
1303,2015-03-12,ADBE,76.139999,77.400002,75.970001,77.440002,1683200.0,12.5701065
1304,2015-03-13,ADBE,77.18,77.620003,76.620003,78.059998,2202800.0,12.526532
1305,2015-03-16,ADBE,78.209999,78.330002,77.800003,78.589996,1851400.0,12.484999
1306,2015-03-17,ADBE,78.220001,79.660004,78.18,79.870003,5719000.0,12.579126
1307,2015-03-18,ADBE,75.5,76.889999,74.75,78.32,10509400.0,12.6064415
1308,2015-03-19,ADBE,76.480003,77.139999,75.290001,77.379997,3519200.0,12.65535
1309,2015-03-20,ADBE,77.669998,77.360001,76.809998,77.959999,3577600.0,12.64982
1310,2015-03-23,ADBE,77.110001,76.349998,76.339996,77.300003,1754100.0,12.745124
1311,2015-03-24,ADBE,76.110001,75.449997,75.379997,76.419998,2782800.0,12.904935
1312,2015-03-25,ADBE,75.5,73.129997,73.120003,75.589996,3444700.0,12.923836
1313,2015-03-26,ADBE,72.43,72.970001,72.120003,73.360001,2965300.0,12.770354
1314,2015-03-27,ADBE,72.720001,73.309998,72.559998,73.459999,2085200.0,12.628381
1315,2015-03-30,ADBE,73.510002,73.599998,73.099998,73.860001,1880700.0,12.490498
1316,2015-03-31,ADBE,73.110001,73.940002,72.940002,74.599998,2556000.0,12.494498
1317,2015-04-01,ADBE,73.610001,75.07,73.029999,75.099998,3976000.0,12.596041
1318,2015-04-02,ADBE,75.169998,75.68,74.610001,76.169998,2158400.0,12.518774
1319,2015-04-06,ADBE,75.129997,76.230003,74.75,76.650002,2556500.0,12.494004
1320,2015-04-07,ADBE,76.07,75.650002,75.620003,76.68,2601300.0,12.613965
1321,2015-04-08,ADBE,75.68,75.440002,75.120003,76.349998,1938500.0,12.688477
1322,2015-04-09,ADBE,75.620003,76.330002,75.209999,76.349998,1556200.0,12.755679
1323,2015-04-10,ADBE,76.300003,76.529999,76.0,76.629997,1801200.0,12.823836
1324,2015-04-13,ADBE,76.440002,76.019997,75.889999,77.0,1230000.0,12.894482
1325,2015-04-14,ADBE,76.019997,75.949997,75.589996,76.599998,1924800.0,12.899881
1326,2015-04-15,ADBE,76.089996,76.029999,75.900002,76.5,1355500.0,12.829115
1327,2015-04-16,ADBE,75.410004,75.150002,75.099998,75.690002,2069800.0,12.810877
1328,2015-04-17,ADBE,74.379997,73.150002,72.779999,74.550003,3856500.0,12.732669
1329,2015-04-20,ADBE,73.419998,73.919998,73.419998,74.300003,1688300.0,12.6451845
1330,2015-04-21,ADBE,74.309998,74.620003,74.209999,74.879997,1894600.0,12.687725
1331,2015-04-22,ADBE,74.68,75.5,74.629997,75.519997,1523800.0,12.635018
1332,2015-04-23,ADBE,75.080002,76.519997,75.0,76.800003,1714100.0,12.608199
1333,2015-04-24,ADBE,76.410004,76.540001,75.839996,77.209999,1831100.0,12.758194
1334,2015-04-27,ADBE,76.839996,76.550003,76.360001,77.290001,1653200.0,12.325224
1335,2015-04-28,ADBE,76.339996,76.019997,75.870003,77.089996,1698200.0,11.718327
1336,2015-04-29,ADBE,75.610001,76.650002,75.470001,77.260002,2423900.0,11.62581
1337,2015-04-30,ADBE,76.400002,76.059998,75.309998,77.239998,2109200.0,11.579272
1338,2015-05-01,ADBE,76.290001,76.43,75.660004,76.669998,1745400.0,11.489877
1339,2015-05-04,ADBE,76.43,75.849998,75.82,76.989998,1655600.0,11.487291
1340,2015-05-05,ADBE,75.349998,75.0,74.75,75.629997,2052200.0,11.605369
1341,2015-05-06,ADBE,75.080002,74.480003,73.959999,75.470001,1997300.0,11.603363
1342,2015-05-07,ADBE,74.400002,74.730003,74.169998,74.839996,2009500.0,11.444546
1343,2015-05-08,ADBE,75.279999,76.309998,75.050003,76.519997,1585600.0,11.353572
1344,2015-05-11,ADBE,76.32,76.790001,76.07,77.339996,2139400.0,11.352814
1345,2015-05-12,ADBE,76.260002,76.57,75.300003,76.900002,2082600.0,11.31459
1346,2015-05-13,ADBE,76.599998,77.080002,76.529999,77.480003,1830500.0,11.230215
1347,2015-05-14,ADBE,77.639999,79.43,77.099998,79.809998,3068100.0,11.235056
1348,2015-05-15,ADBE,80.0,78.919998,78.629997,80.0,2676200.0,11.291701
1349,2015-05-18,ADBE,78.690002,79.410004,78.400002,79.529999,1436000.0,11.345228
1350,2015-05-19,ADBE,79.75,79.620003,79.370003,79.93,2065600.0,11.420235
1351,2015-05-20,ADBE,79.57,79.610001,78.910004,79.900002,2639000.0,11.39152
1352,2015-05-21,ADBE,79.540001,80.559998,79.190002,80.739998,2761200.0,11.392435
1353,2015-05-22,ADBE,80.339996,80.040001,79.970001,80.699997,1824800.0,11.467668
1354,2015-05-26,ADBE,79.910004,79.360001,78.839996,80.120003,2080800.0,11.455802
1355,2015-05-27,ADBE,79.550003,80.160004,79.269997,80.32,1671800.0,11.327931
1356,2015-05-28,ADBE,80.169998,80.019997,79.75,80.419998,1248400.0,11.337488
1357,2015-05-29,ADBE,79.889999,79.089996,78.940002,79.989998,3288000.0,11.451852
1358,2015-06-01,ADBE,79.5,79.870003,78.589996,80.0,2288400.0,11.443183
1359,2015-06-02,ADBE,79.699997,79.82,79.349998,80.220001,1533100.0,11.430416
1360,2015-06-03,ADBE,79.93,80.129997,79.440002,80.339996,1965100.0,11.454435
1361,2015-06-04,ADBE,79.860001,78.75,78.639999,80.379997,1659300.0,11.4840975
1362,2015-06-05,ADBE,78.639999,78.860001,78.379997,79.389999,1325500.0,11.406098
1363,2015-06-08,ADBE,78.900002,78.160004,77.900002,79.18,1621300.0,11.300644
1364,2015-06-09,ADBE,77.879997,77.900002,76.949997,78.050003,2100900.0,11.189522
1365,2015-06-10,ADBE,78.18,79.559998,77.989998,79.699997,1776000.0,11.101441
1366,2015-06-11,ADBE,79.809998,79.650002,79.419998,80.290001,1918300.0,11.194651
1367,2015-06-12,ADBE,79.330002,79.860001,79.059998,80.260002,1794900.0,11.330057
1368,2015-06-15,ADBE,79.169998,78.900002,78.349998,79.25,2459700.0,11.283822
1369,2015-06-16,ADBE,78.93,79.940002,78.830002,80.43,3579400.0,11.15551
1370,2015-06-17,ADBE,79.5,77.910004,77.739998,80.0,6464200.0,11.105818
1371,2015-06-18,ADBE,77.82,79.389999,77.82,79.940002,3858600.0,11.132691
1372,2015-06-19,ADBE,79.410004,79.699997,79.059998,79.940002,3155600.0,11.172281
1373,2015-06-22,ADBE,80.0,82.279999,79.849998,82.660004,5830000.0,11.161704
1374,2015-06-23,ADBE,82.169998,83.550003,82.099998,83.769997,4944400.0,11.16034
1375,2015-06-24,ADBE,83.220001,83.400002,82.970001,84.360001,4311200.0,11.228091
1376,2015-06-25,ADBE,83.82,83.940002,83.489998,84.269997,3052900.0,11.15944
1377,2015-06-26,ADBE,84.220001,82.739998,82.269997,84.220001,5914700.0,11.070055
1378,2015-06-29,ADBE,81.220001,81.279999,81.150002,82.059998,4060300.0,11.064478
1379,2015-06-30,ADBE,82.190002,81.010002,80.949997,82.339996,4086400.0,10.965808
1380,2015-07-01,ADBE,81.57,80.940002,80.709999,81.919998,2944300.0,10.829662
1381,2015-07-02,ADBE,81.190002,80.75,80.379997,81.290001,2200900.0,10.794548
1382,2015-07-06,ADBE,80.019997,80.5,80.0,81.190002,2590900.0,10.757397
1383,2015-07-07,ADBE,80.769997,80.589996,78.940002,81.0,2781900.0,10.69945
1384,2015-07-08,ADBE,79.949997,79.989998,79.400002,80.519997,4157600.0,10.709914
1385,2015-07-09,ADBE,80.739998,80.470001,80.410004,81.669998,3067900.0,10.594277
1386,2015-07-10,ADBE,81.5,80.589996,80.470001,81.5,3025100.0,10.465766
1387,2015-07-13,ADBE,81.089996,81.440002,80.82,81.660004,4597200.0,10.515028
1388,2015-07-14,ADBE,81.669998,81.889999,81.239998,82.349998,4428100.0,10.614828
1389,2015-07-15,ADBE,82.199997,82.120003,81.709999,82.32,3214900.0,10.673265
1390,2015-07-16,ADBE,82.650002,82.519997,82.199997,82.669998,2058100.0,10.649214
1391,2015-07-17,ADBE,82.169998,82.099998,81.480003,82.730003,2402700.0,10.689251
1392,2015-07-20,ADBE,82.0,82.089996,81.449997,82.190002,1995800.0,10.848537
1393,2015-07-21,ADBE,81.800003,81.190002,81.010002,82.099998,3916400.0,10.966091
1394,2015-07-22,ADBE,81.379997,80.730003,80.650002,81.75,2601200.0,10.856689
1395,2015-07-23,ADBE,80.800003,80.639999,80.480003,81.400002,2579500.0,10.784496
1396,2015-07-24,ADBE,81.0,80.980003,80.540001,81.360001,3575300.0,10.873626
1397,2015-07-27,ADBE,80.529999,79.93,79.730003,80.699997,2762700.0,10.971657
1398,2015-07-28,ADBE,80.07,80.589996,79.129997,80.650002,2681000.0,10.881017
1399,2015-07-29,ADBE,80.07,80.25,79.559998,80.540001,2178000.0,10.7783575
1400,2015-07-30,ADBE,79.900002,81.290001,79.199997,81.800003,2072700.0,10.836843
1401,2015-07-31,ADBE,81.800003,81.989998,81.370003,82.82,2893400.0,10.878741
1402,2015-08-03,ADBE,82.18,81.400002,80.699997,82.260002,2074000.0,10.991518
1403,2015-08-04,ADBE,81.43,82.059998,81.169998,82.18,1375400.0,11.050757
1404,2015-08-05,ADBE,82.779999,83.379997,82.169998,84.120003,1773000.0,11.04683
1405,2015-08-06,ADBE,83.470001,82.190002,82.07,83.629997,2272300.0,11.06508
1406,2015-08-07,ADBE,81.870003,82.690002,81.480003,82.919998,1989700.0,11.052564
1407,2015-08-10,ADBE,83.389999,83.620003,83.190002,83.919998,1999600.0,11.005699
1408,2015-08-11,ADBE,84.059998,83.900002,83.050003,84.860001,3103200.0,11.142338
1409,2015-08-12,ADBE,83.160004,83.82,82.080002,84.139999,2218500.0,11.20646
1410,2015-08-13,ADBE,83.82,84.309998,83.0,84.830002,1963400.0,11.10401
1411,2015-08-14,ADBE,83.959999,86.120003,83.959999,86.379997,2610200.0,11.051359
1412,2015-08-17,ADBE,86.0,86.769997,84.900002,86.779999,1788300.0,11.072465
1413,2015-08-18,ADBE,86.980003,86.449997,86.029999,87.25,1468300.0,11.250488
1414,2015-08-19,ADBE,86.120003,85.480003,85.209999,86.470001,2460800.0,11.349779
1415,2015-08-20,ADBE,84.660004,82.690002,82.690002,84.900002,3108800.0,11.295642
1416,2015-08-21,ADBE,81.940002,78.870003,78.870003,82.160004,6807400.0,11.173193
1417,2015-08-24,ADBE,75.0,74.269997,71.330002,77.82,6938500.0,10.945352
1418,2015-08-25,ADBE,77.019997,74.57,74.470001,78.330002,7465400.0,10.488329
1419,2015-08-26,ADBE,76.139999,77.330002,74.559998,77.610001,4243600.0,10.09061
1420,2015-08-27,ADBE,78.410004,78.910004,77.389999,79.279999,5197200.0,10.119261
1421,2015-08-28,ADBE,78.419998,79.400002,77.75,79.449997,3316400.0,10.346211
1422,2015-08-31,ADBE,79.379997,78.57,78.300003,79.699997,2313100.0,10.48108
1423,2015-09-01,ADBE,77.07,75.989998,75.629997,77.82,3206400.0,10.450456
1424,2015-09-02,ADBE,77.0,77.25,75.540001,77.330002,3533800.0,10.230721
1425,2015-09-03,ADBE,77.599998,78.32,77.360001,79.550003,3480100.0,10.167891
1426,2015-09-04,ADBE,76.989998,76.889999,76.389999,78.269997,2326500.0,10.259662
1427,2015-09-08,ADBE,78.639999,79.779999,78.129997,79.910004,2670600.0,10.2309675
1428,2015-09-09,ADBE,80.790001,78.519997,78.230003,81.510002,2460300.0,10.409439
1429,2015-09-10,ADBE,78.629997,78.699997,78.010002,78.970001,3541000.0,10.517313
1430,2015-09-11,ADBE,78.440002,79.190002,77.940002,79.230003,2913700.0,10.48108
1431,2015-09-14,ADBE,79.349998,78.459999,78.279999,79.410004,2545900.0,10.562738
1432,2015-09-15,ADBE,78.610001,79.529999,78.300003,80.110001,3436300.0,10.5599375
1433,2015-09-16,ADBE,79.510002,80.529999,79.32,80.669998,2509800.0,10.631385
1434,2015-09-17,ADBE,80.449997,80.309998,79.699997,81.879997,4892900.0,10.745996
1435,2015-09-18,ADBE,78.540001,81.25,78.160004,84.949997,16424000.0,10.743608
1436,2015-09-21,ADBE,81.419998,83.32,81.419998,83.690002,4919700.0,10.62891
1437,2015-09-22,ADBE,81.980003,84.660004,81.769997,84.830002,6336500.0,10.612281
1438,2015-09-23,ADBE,84.919998,85.5,84.050003,85.989998,4007700.0,10.594113
1439,2015-09-24,ADBE,85.07,83.910004,83.360001,85.370003,4463700.0,10.462212
1440,2015-09-25,ADBE,84.709999,83.129997,82.580002,84.720001,3736900.0,10.3719635
1441,2015-09-28,ADBE,82.879997,80.519997,80.029999,83.0,3435700.0,10.333654
1442,2015-09-29,ADBE,80.519997,79.830002,79.089996,80.580002,3126300.0,10.137435
1443,2015-09-30,ADBE,80.879997,82.220001,80.379997,82.370003,3653800.0,9.91127
1444,2015-10-01,ADBE,82.419998,83.75,81.57,83.769997,3407800.0,9.958355
1445,2015-10-02,ADBE,82.209999,83.989998,81.290001,84.010002,3402600.0,10.0083275
1446,2015-10-05,ADBE,84.800003,85.839996,84.489998,86.309998,4204800.0,10.064837
1447,2015-10-06,ADBE,85.599998,85.150002,84.839996,86.0,3662900.0,10.193782
1448,2015-10-07,ADBE,82.199997,80.650002,79.019997,83.099998,14474800.0,10.242491
1449,2015-10-08,ADBE,80.449997,82.260002,80.199997,82.480003,4596000.0,10.405307
1450,2015-10-09,ADBE,82.410004,83.82,81.989998,83.900002,3774300.0,10.62094
1451,2015-10-12,ADBE,83.660004,83.919998,83.230003,84.839996,2706600.0,10.696899
1452,2015-10-13,ADBE,83.32,83.650002,83.309998,84.639999,1992800.0,10.665357
1453,2015-10-14,ADBE,84.0,83.800003,83.400002,84.730003,2391200.0,10.610071
1454,2015-10-15,ADBE,84.190002,86.769997,84.089996,86.860001,4381900.0,10.470416
1455,2015-10-16,ADBE,87.169998,88.669998,86.18,89.040001,5332100.0,10.439545
1456,2015-10-19,ADBE,88.150002,88.400002,87.029999,88.489998,3353900.0,10.459675
1457,2015-10-20,ADBE,88.150002,86.839996,86.419998,88.650002,2680500.0,10.418162
1458,2015-10-21,ADBE,87.220001,86.129997,85.870003,87.57,2883000.0,10.4316845
1459,2015-10-22,ADBE,86.559998,88.459999,86.559998,88.830002,3547100.0,10.4163885
1460,2015-10-23,ADBE,89.0,87.860001,87.440002,89.440002,6744100.0,10.446395
1461,2015-10-26,ADBE,87.910004,88.839996,87.610001,89.699997,2375700.0,10.516384
1462,2015-10-27,ADBE,88.650002,88.050003,87.809998,88.849998,2593600.0,10.401264
1463,2015-10-28,ADBE,88.440002,88.5,87.580002,88.830002,3206700.0,9.969462
1464,2015-10-29,ADBE,88.260002,88.120003,87.510002,88.5,1623400.0,9.727691
1465,2015-10-30,ADBE,87.989998,88.660004,87.900002,89.489998,2131600.0,9.744833
1466,2015-11-02,ADBE,89.029999,89.910004,88.470001,90.550003,2904700.0,9.758716
1467,2015-11-03,ADBE,89.589996,90.360001,88.919998,90.739998,2102200.0,9.904541
1468,2015-11-04,ADBE,90.339996,91.010002,90.209999,91.339996,1873700.0,10.036281
1469,2015-11-05,ADBE,91.5,90.550003,89.790001,91.870003,1835600.0,10.012011
1470,2015-11-06,ADBE,90.07,90.690002,88.970001,90.790001,2004200.0,9.970922
1471,2015-11-09,ADBE,90.239998,89.800003,88.989998,90.489998,1705200.0,10.018438
1472,2015-11-10,ADBE,89.559998,90.279999,88.989998,90.309998,1943600.0,10.032773
1473,2015-11-11,ADBE,90.68,91.209999,90.25,91.470001,2361500.0,9.981381
1474,2015-11-12,ADBE,91.080002,90.839996,90.739998,91.879997,2458800.0,10.228727
1475,2015-11-13,ADBE,90.949997,89.019997,88.800003,90.949997,1831400.0,10.410896
1476,2015-11-16,ADBE,89.660004,89.769997,88.0,89.800003,2198500.0,10.3447895
1477,2015-11-17,ADBE,89.959999,90.290001,89.870003,91.290001,1736500.0,10.377868
1478,2015-11-18,ADBE,90.309998,91.269997,89.470001,91.389999,1453600.0,10.456967
1479,2015-11-19,ADBE,91.519997,91.760002,91.279999,92.129997,2414400.0,10.599126
1480,2015-11-20,ADBE,92.330002,91.809998,91.220001,92.5,2134500.0,10.648619
1481,2015-11-23,ADBE,91.82,91.959999,91.269997,92.370003,1570400.0,10.620514
1482,2015-11-24,ADBE,91.139999,92.0,90.089996,92.220001,2046200.0,10.757499
1483,2015-11-25,ADBE,92.300003,91.769997,91.699997,92.5,1117800.0,10.805361
1484,2015-11-27,ADBE,91.860001,92.169998,91.769997,92.57,633000.0,10.744205
1485,2015-11-30,ADBE,92.410004,91.459999,91.129997,92.660004,2380200.0,10.754085
1486,2015-12-01,ADBE,92.010002,92.550003,91.099998,92.580002,1545100.0,10.734329
1487,2015-12-02,ADBE,92.519997,92.019997,91.68,92.849998,1904500.0,10.76516
1488,2015-12-03,ADBE,91.970001,89.910004,89.730003,92.760002,2424500.0,10.678688
1489,2015-12-04,ADBE,90.129997,92.580002,90.129997,92.82,2980800.0,10.5548525
1490,2015-12-07,ADBE,92.559998,89.599998,89.220001,92.879997,3958700.0,10.60303
1491,2015-12-08,ADBE,89.220001,91.720001,88.959999,92.089996,3372900.0,10.513753
1492,2015-12-09,ADBE,91.040001,89.559998,88.949997,91.790001,3333600.0,10.37686
1493,2015-12-10,ADBE,90.410004,88.959999,88.510002,90.43,4633900.0,10.315273
1494,2015-12-11,ADBE,92.510002,91.419998,90.120003,93.650002,8315000.0,10.342674
1495,2015-12-14,ADBE,91.709999,93.260002,91.019997,93.309998,3784100.0,10.342428
1496,2015-12-15,ADBE,93.980003,94.019997,93.720001,95.790001,4099800.0,10.216921
1497,2015-12-16,ADBE,94.410004,95.559998,93.610001,95.660004,2613900.0,10.218924
1498,2015-12-17,ADBE,95.699997,94.199997,94.190002,96.419998,3069700.0,10.385716
1499,2015-12-18,ADBE,93.730003,91.309998,91.300003,93.919998,5314200.0,10.444199
1500,2015-12-21,ADBE,92.160004,91.620003,90.809998,92.690002,2663600.0,10.39721
1501,2015-12-22,ADBE,91.940002,93.82,91.629997,93.949997,1873600.0,10.446987
1502,2015-12-23,ADBE,94.419998,94.699997,93.529999,94.989998,1526500.0,10.675904
1503,2015-12-24,ADBE,94.449997,94.300003,94.029999,95.190002,598200.0,10.877979
1504,2015-12-28,ADBE,93.790001,94.199997,93.230003,94.300003,1027000.0,10.949241
1505,2015-12-29,ADBE,94.599998,95.330002,94.599998,95.900002,1124900.0,10.87155
1506,2015-12-30,ADBE,95.190002,95.279999,95.0,96.019997,1153600.0,10.8069935
1507,2015-12-31,ADBE,95.07,93.940002,93.879997,95.209999,1408500.0,10.834451
1508,2016-01-04,ADBE,91.769997,91.970001,90.540001,92.0,2993800.0,10.802808
1509,2016-01-05,ADBE,92.010002,92.339996,91.410004,92.849998,1821300.0,10.625933
1510,2016-01-06,ADBE,91.099998,91.019997,90.239998,91.5,1674000.0,10.494199
1511,2016-01-07,ADBE,89.400002,89.110001,88.709999,91.400002,2717800.0,10.430671
1512,2016-01-08,ADBE,89.68,87.849998,87.629997,89.989998,2263400.0,10.261946
1513,2016-01-11,ADBE,88.07,89.379997,87.839996,89.800003,2362200.0,10.038566
1514,2016-01-12,ADBE,89.889999,89.82,88.410004,91.029999,2370500.0,9.854615
1515,2016-01-13,ADBE,90.589996,88.300003,87.989998,91.440002,3409100.0,9.840154
1516,2016-01-14,ADBE,88.919998,89.800003,87.32,90.300003,4087500.0,9.756179
1517,2016-01-15,ADBE,86.839996,89.169998,86.82,89.349998,3921500.0,9.625912
1518,2016-01-19,ADBE,90.290001,89.18,88.370003,91.400002,3680600.0,9.5775175
1519,2016-01-20,ADBE,87.690002,87.940002,84.669998,88.760002,3667200.0,9.468273
1520,2016-01-21,ADBE,88.639999,88.0,87.139999,89.93,4298700.0,9.3362465
1521,2016-01-22,ADBE,89.550003,89.629997,88.480003,89.93,5390100.0,9.399437
1522,2016-01-25,ADBE,88.389999,86.769997,86.629997,89.260002,3945000.0,9.513857
1523,2016-01-26,ADBE,87.260002,86.889999,85.470001,87.580002,2745700.0,9.537432
1524,2016-01-27,ADBE,87.269997,84.849998,84.510002,87.830002,3070600.0,9.624384
1525,2016-01-28,ADBE,85.540001,84.519997,82.699997,85.739998,5315500.0,9.668974
1526,2016-01-29,ADBE,85.550003,89.129997,85.120003,89.129997,4679500.0,9.650708
1527,2016-02-01,ADBE,88.160004,89.610001,87.900002,90.239998,2893100.0,9.87129
1528,2016-02-02,ADBE,88.709999,87.949997,87.639999,89.019997,3070900.0,9.926151
1529,2016-02-03,ADBE,88.910004,87.989998,86.669998,89.25,3185700.0,9.6053295
1530,2016-02-04,ADBE,87.82,86.360001,85.779999,87.970001,3417400.0,9.552779
1531,2016-02-05,ADBE,85.5,79.199997,77.830002,85.5,10644200.0,9.7136345
1532,2016-02-08,ADBE,77.400002,74.940002,71.269997,78.330002,12910000.0,9.799415
1533,2016-02-09,ADBE,74.760002,73.849998,73.040001,77.190002,6697400.0,9.658564
1534,2016-02-10,ADBE,74.989998,75.529999,73.900002,77.610001,6465300.0,9.387015
1535,2016-02-11,ADBE,74.040001,74.940002,73.580002,75.529999,4984700.0,9.33224
1536,2016-02-12,ADBE,75.989998,76.669998,75.400002,77.360001,4368700.0,9.296019
1537,2016-02-16,ADBE,77.129997,78.879997,77.129997,79.199997,4736400.0,9.260779
1538,2016-02-17,ADBE,79.400002,81.849998,78.540001,82.07,4474200.0,9.39466
1539,2016-02-18,ADBE,82.300003,80.529999,80.139999,82.82,3560300.0,9.557189
1540,2016-02-19,ADBE,80.32,80.870003,79.510002,80.940002,3928900.0,9.682644
1541,2016-02-22,ADBE,82.089996,83.800003,82.050003,84.160004,3615500.0,9.745992
1542,2016-02-23,ADBE,83.410004,83.07,82.860001,84.489998,2958400.0,9.85098
1543,2016-02-24,ADBE,82.220001,83.419998,80.93,83.529999,2667300.0,9.897155
1544,2016-02-25,ADBE,84.760002,86.68,84.150002,86.720001,3284000.0,9.893883
1545,2016-02-26,ADBE,87.110001,86.599998,84.099998,87.480003,3723200.0,9.949429
1546,2016-02-29,ADBE,86.010002,85.150002,85.089996,86.190002,3156400.0,9.983718
1547,2016-03-01,ADBE,85.919998,88.370003,84.589996,88.400002,3603900.0,9.969756
1548,2016-03-02,ADBE,88.120003,88.389999,87.260002,88.550003,2863500.0,10.087967
1549,2016-03-03,ADBE,88.5,87.209999,85.849998,88.5,3082100.0,10.322173
1550,2016-03-04,ADBE,87.93,86.18,85.580002,87.940002,3002500.0,10.50876
1551,2016-03-07,ADBE,85.580002,85.110001,84.050003,85.959999,3121300.0,10.626628
1552,2016-03-08,ADBE,84.25,84.349998,83.169998,85.949997,3245700.0,10.629341
1553,2016-03-09,ADBE,84.879997,85.269997,83.25,85.290001,2491500.0,10.525953
1554,2016-03-10,ADBE,85.059998,84.849998,83.589996,86.519997,2969700.0,10.587927
1555,2016-03-11,ADBE,85.199997,86.0,84.629997,86.230003,3330400.0,10.657285
1556,2016-03-14,ADBE,86.110001,87.010002,85.839996,87.75,3754500.0,10.766782
1557,2016-03-15,ADBE,86.400002,86.830002,86.220001,87.190002,2909600.0,10.807915
1558,2016-03-16,ADBE,86.699997,88.169998,86.400002,88.480003,3383000.0,10.723694
1559,2016-03-17,ADBE,88.660004,89.959999,87.25,90.209999,6914600.0,10.725483
1560,2016-03-18,ADBE,98.0,93.419998,93.110001,98.0,12530100.0,10.784496
1561,2016-03-21,ADBE,92.690002,92.5,91.330002,93.269997,4657300.0,10.851857
1562,2016-03-22,ADBE,92.059998,92.559998,92.050003,93.419998,4475800.0,10.83086
1563,2016-03-23,ADBE,92.620003,92.160004,91.93,92.940002,2767600.0,10.810743
1564,2016-03-24,ADBE,91.5,92.519997,91.25,92.739998,3266800.0,10.764889
1565,2016-03-28,ADBE,92.68,92.400002,91.900002,92.830002,2283000.0,10.742847
1566,2016-03-29,ADBE,91.790001,93.220001,91.760002,93.440002,4248600.0,10.786453
1567,2016-03-30,ADBE,93.629997,93.779999,92.980003,94.480003,6797200.0,10.871067
1568,2016-03-31,ADBE,93.760002,93.800003,93.230003,94.580002,6561400.0,10.931195
1569,2016-04-01,ADBE,93.330002,95.160004,92.769997,95.470001,3981300.0,11.075313
1570,2016-04-04,ADBE,95.419998,94.5,94.230003,96.279999,2398300.0,11.173645
1571,2016-04-05,ADBE,93.32,94.169998,93.220001,94.769997,2472600.0,11.107181
1572,2016-04-06,ADBE,94.07,95.400002,93.970001,95.489998,2705700.0,11.060707
1573,2016-04-07,ADBE,94.720001,93.779999,93.190002,94.889999,2370500.0,11.088156
1574,2016-04-08,ADBE,94.480003,94.07,93.389999,94.5,2063100.0,11.043978
1575,2016-04-11,ADBE,94.43,92.949997,92.839996,94.809998,2165100.0,11.019247
1576,2016-04-12,ADBE,93.18,93.419998,92.220001,93.669998,2079000.0,11.053166
1577,2016-04-13,ADBE,93.82,94.529999,93.690002,94.599998,2055000.0,11.123172
1578,2016-04-14,ADBE,94.339996,94.440002,94.010002,94.709999,1764000.0,11.209936
1579,2016-04-15,ADBE,94.660004,95.160004,94.160004,95.220001,2187400.0,11.215082
1580,2016-04-18,ADBE,94.75,96.550003,94.589996,96.580002,2172700.0,11.213115
1581,2016-04-19,ADBE,97.0,96.519997,95.129997,97.690002,2507100.0,11.250801
1582,2016-04-20,ADBE,97.0,96.330002,95.760002,97.0,2712100.0,11.264734
1583,2016-04-21,ADBE,96.209999,96.370003,95.760002,97.139999,2066900.0,11.239599
1584,2016-04-22,ADBE,96.169998,94.790001,93.760002,96.239998,3797900.0,11.2113
1585,2016-04-25,ADBE,94.379997,95.800003,94.220001,96.040001,2047000.0,11.20434
1586,2016-04-26,ADBE,95.959999,96.150002,95.220001,96.300003,1419300.0,10.559125
1587,2016-04-27,ADBE,95.720001,95.639999,94.529999,95.989998,2082800.0,10.062498
1588,2016-04-28,ADBE,94.800003,93.639999,93.150002,95.739998,3497700.0,10.191843
1589,2016-04-29,ADBE,92.889999,94.220001,92.32,94.580002,3163800.0,10.189257
1590,2016-05-02,ADBE,94.290001,94.900002,93.809998,94.989998,2330600.0,10.028094
1591,2016-05-03,ADBE,94.07,93.660004,93.089996,94.389999,1811400.0,9.964729
1592,2016-05-04,ADBE,93.18,92.940002,92.550003,93.589996,1710700.0,9.90643
1593,2016-05-05,ADBE,93.099998,93.5,92.919998,94.220001,1894800.0,9.831837
1594,2016-05-06,ADBE,93.129997,94.300003,92.57,94.400002,1462300.0,9.756578
1595,2016-05-09,ADBE,94.0,94.610001,93.870003,95.190002,1406900.0,9.778585
1596,2016-05-10,ADBE,94.82,96.519997,94.75,96.589996,1808400.0,9.793029
1597,2016-05-11,ADBE,96.260002,96.099998,96.040001,97.260002,1569100.0,9.809068
1598,2016-05-12,ADBE,96.309998,95.959999,94.93,96.980003,1198100.0,9.774891
1599,2016-05-13,ADBE,95.620003,95.970001,95.370003,97.209999,2221100.0,9.676861
1600,2016-05-16,ADBE,95.910004,97.230003,95.910004,97.760002,1918500.0,9.569836
1601,2016-05-17,ADBE,96.809998,95.93,95.75,97.349998,3279600.0,9.531299
1602,2016-05-18,ADBE,95.779999,96.699997,95.5,97.43,2010400.0,9.572533
1603,2016-05-19,ADBE,96.410004,95.879997,95.25,96.949997,1988400.0,9.567158
1604,2016-05-20,ADBE,96.099998,96.879997,95.860001,97.120003,2217900.0,9.5309105
1605,2016-05-23,ADBE,96.709999,96.620003,96.5,97.419998,1095900.0,9.547021
1606,2016-05-24,ADBE,97.18,99.629997,96.970001,99.699997,3014800.0,9.567158
1607,2016-05-25,ADBE,99.910004,99.610001,98.800003,99.989998,1954500.0,9.628034
1608,2016-05-26,ADBE,99.809998,99.370003,99.07,100.330002,1970900.0,9.791899
1609,2016-05-27,ADBE,99.519997,100.139999,98.900002,100.139999,1603600.0,9.918262
1610,2016-05-31,ADBE,100.139999,99.470001,99.349998,100.559998,3480500.0,10.045227
1611,2016-06-01,ADBE,99.239998,100.040001,98.93,100.400002,1662600.0,10.186383
1612,2016-06-02,ADBE,99.980003,100.169998,99.169998,100.169998,1761700.0,10.242491
1613,2016-06-03,ADBE,99.519997,98.699997,97.889999,99.519997,2415900.0,10.314927
1614,2016-06-06,ADBE,99.160004,99.120003,98.470001,99.489998,1395800.0,10.339897
1615,2016-06-07,ADBE,99.510002,98.519997,98.470001,99.669998,2143900.0,10.413508
1616,2016-06-08,ADBE,98.449997,98.68,97.989998,98.910004,2078700.0,10.494199
1617,2016-06-09,ADBE,98.360001,98.07,97.849998,98.699997,1609400.0,10.469488
1618,2016-06-10,ADBE,96.889999,97.089996,96.75,97.870003,1863800.0,10.40287
1619,2016-06-13,ADBE,96.870003,96.959999,96.699997,98.089996,2291500.0,10.276598
1620,2016-06-14,ADBE,96.529999,96.980003,96.32,97.260002,1889800.0,10.176226
1621,2016-06-15,ADBE,97.010002,97.019997,96.900002,97.830002,2270400.0,10.094712
1622,2016-06-16,ADBE,96.5,97.190002,95.540001,97.300003,1952000.0,10.12372
1623,2016-06-17,ADBE,97.25,95.580002,95.360001,97.389999,4541500.0,10.100336
1624,2016-06-20,ADBE,97.099998,97.989998,96.769997,98.75,4310600.0,10.052782
1625,2016-06-21,ADBE,98.639999,99.720001,98.129997,99.919998,6505100.0,10.087153
1626,2016-06-22,ADBE,95.529999,94.010002,93.860001,96.5,10280500.0,10.111647
1627,2016-06-23,ADBE,94.730003,96.209999,94.309998,96.279999,3803200.0,10.105025
1628,2016-06-24,ADBE,92.389999,92.199997,92.040001,94.349998,4329100.0,10.189318
1629,2016-06-27,ADBE,91.360001,90.849998,90.349998,92.029999,3925700.0,10.034057
1630,2016-06-28,ADBE,91.370003,92.459999,91.360001,92.650002,3319200.0,9.616852
1631,2016-06-29,ADBE,92.910004,94.389999,92.68,94.620003,2965500.0,9.484744
1632,2016-06-30,ADBE,94.480003,95.790001,94.129997,95.879997,3544700.0,9.579638
1633,2016-07-01,ADBE,95.040001,95.32,95.0,97.139999,3001900.0,9.749862
1634,2016-07-05,ADBE,94.550003,94.730003,94.150002,95.610001,2314600.0,9.796694
1635,2016-07-06,ADBE,94.529999,95.18,94.059998,95.480003,1490300.0,9.698795
1636,2016-07-07,ADBE,95.010002,95.139999,94.540001,95.510002,1576200.0,9.692455
1637,2016-07-08,ADBE,95.93,96.790001,95.339996,96.860001,2023900.0,9.74715
1638,2016-07-11,ADBE,96.980003,97.139999,96.809998,97.550003,1732000.0,9.837066
1639,2016-07-12,ADBE,97.25,97.540001,96.699997,97.790001,2051400.0,9.87879
1640,2016-07-13,ADBE,97.970001,97.339996,97.339996,98.379997,2125700.0,9.936464
1641,2016-07-14,ADBE,98.0,97.699997,97.459999,98.139999,1402200.0,9.973436
1642,2016-07-15,ADBE,98.389999,97.830002,97.5,98.400002,1530100.0,9.96841
1643,2016-07-18,ADBE,97.739998,97.790001,97.580002,98.529999,1544200.0,9.983133
1644,2016-07-19,ADBE,97.110001,97.790001,97.0,98.169998,1797000.0,10.0130005
1645,2016-07-20,ADBE,98.160004,98.400002,97.849998,98.889999,1553800.0,9.974782
1646,2016-07-21,ADBE,98.120003,96.339996,96.080002,98.43,2579500.0,10.021942
1647,2016-07-22,ADBE,96.709999,98.059998,96.089996,98.239998,2101500.0,10.093365
1648,2016-07-25,ADBE,97.75,97.32,96.879997,97.75,1815100.0,10.087153
1649,2016-07-26,ADBE,97.809998,97.910004,97.0,98.419998,2196500.0,10.137325
1650,2016-07-27,ADBE,97.589996,97.93,97.389999,98.410004,2312900.0,10.200007
1651,2016-07-28,ADBE,97.919998,98.440002,97.57,98.610001,1666000.0,10.243668
1652,2016-07-29,ADBE,98.400002,97.860001,97.230003,98.550003,1786600.0,10.223562
1653,2016-08-01,ADBE,97.75,97.720001,97.220001,98.160004,1474600.0,10.357765
1654,2016-08-02,ADBE,97.379997,96.050003,95.419998,97.629997,2352700.0,10.4338
1655,2016-08-03,ADBE,96.059998,96.669998,95.650002,96.68,2070700.0,10.232488
1656,2016-08-04,ADBE,96.5,97.089996,96.190002,97.279999,1282600.0,10.16613
1657,2016-08-05,ADBE,97.360001,99.040001,97.150002,99.080002,1932100.0,10.171353
1658,2016-08-08,ADBE,98.860001,98.489998,98.300003,98.949997,1107200.0,10.202944
1659,2016-08-09,ADBE,98.709999,98.870003,98.470001,99.220001,1001700.0,10.257896
1660,2016-08-10,ADBE,99.129997,100.620003,99.089996,100.989998,2670200.0,10.232732
1661,2016-08-11,ADBE,100.849998,101.669998,100.589996,101.93,2259000.0,10.18421
1662,2016-08-12,ADBE,100.980003,101.040001,100.059998,101.199997,1713300.0,10.171179
1663,2016-08-15,ADBE,101.379997,100.93,100.879997,101.629997,1697600.0,10.126595
1664,2016-08-16,ADBE,100.519997,100.599998,99.910004,100.970001,1649300.0,10.10854
1665,2016-08-17,ADBE,100.650002,99.699997,99.449997,100.809998,2123900.0,10.112995
1666,2016-08-18,ADBE,99.599998,100.669998,99.599998,100.93,2027000.0,10.047518
1667,2016-08-19,ADBE,100.309998,100.32,99.720001,100.610001,1587900.0,10.015516
1668,2016-08-22,ADBE,100.32,100.239998,99.919998,100.68,1000800.0,10.018617
1669,2016-08-23,ADBE,100.459999,101.139999,100.239998,101.279999,1008500.0,10.02347
1670,2016-08-24,ADBE,101.0,101.139999,100.690002,101.519997,1425200.0,10.0521965
1671,2016-08-25,ADBE,101.150002,101.690002,100.910004,101.790001,1174100.0,10.036459
1672,2016-08-26,ADBE,101.68,102.059998,101.080002,102.75,1834600.0,10.024055
1673,2016-08-29,ADBE,101.849998,102.300003,101.400002,102.68,1161600.0,10.043069
1674,2016-08-30,ADBE,102.089996,102.0,101.510002,102.389999,1325100.0,10.029673
1675,2016-08-31,ADBE,101.660004,102.309998,101.510002,102.599998,1773000.0,10.066187
1676,2016-09-01,ADBE,102.230003,102.900002,101.809998,102.970001,2006600.0,10.127592
1677,2016-09-02,ADBE,103.489998,103.57,102.949997,104.160004,1719300.0,10.150934
1678,2016-09-06,ADBE,103.330002,103.5,103.089996,103.739998,1585100.0,10.166894
1679,2016-09-07,ADBE,103.470001,103.0,102.580002,103.510002,1386500.0,10.135742
1680,2016-09-08,ADBE,102.769997,101.879997,101.620003,102.970001,2110600.0,10.13674
1681,2016-09-09,ADBE,100.970001,99.379997,99.379997,101.279999,3379300.0,10.174875
1682,2016-09-12,ADBE,99.18,100.32,99.0,100.5,2882600.0,10.049624
1683,2016-09-13,ADBE,99.919998,98.769997,97.870003,99.919998,3797600.0,10.029313
1684,2016-09-14,ADBE,98.949997,98.790001,98.489998,99.550003,2025300.0,10.101918
1685,2016-09-15,ADBE,98.839996,99.620003,98.489998,100.040001,3095000.0,10.068883
1686,2016-09-16,ADBE,99.260002,98.93,98.32,99.669998,3700600.0,10.080945
1687,2016-09-19,ADBE,99.209999,99.68,99.019997,100.209999,3307500.0,10.106195
1688,2016-09-20,ADBE,100.160004,100.620003,99.720001,100.910004,4104900.0,10.1238985
1689,2016-09-21,ADBE,106.540001,107.779999,105.800003,108.220001,8764500.0,10.125246
1690,2016-09-22,ADBE,107.459999,107.919998,107.010002,108.5,3960300.0,10.16613
1691,2016-09-23,ADBE,107.209999,107.470001,106.790001,108.0,3087200.0,10.244256
1692,2016-09-26,ADBE,106.910004,107.260002,106.529999,107.57,2342700.0,10.231556
1693,2016-09-27,ADBE,106.989998,109.699997,106.739998,109.760002,3531400.0,10.223976
1694,2016-09-28,ADBE,109.480003,109.489998,108.82,109.690002,2739800.0,10.267662
1695,2016-09-29,ADBE,109.5,107.800003,107.550003,109.57,2436900.0,10.307683
1696,2016-09-30,ADBE,108.150002,108.540001,107.440002,108.839996,3717600.0,10.369258
1697,2016-10-03,ADBE,108.410004,108.449997,108.160004,108.959999,1553800.0,10.38488
1698,2016-10-04,ADBE,108.519997,108.389999,107.849998,108.940002,1394000.0,10.362001
1699,2016-10-05,ADBE,108.57,108.800003,108.32,109.330002,1855000.0,10.237956
1700,2016-10-06,ADBE,108.720001,108.559998,108.139999,109.269997,1590800.0,10.190082
1701,2016-10-07,ADBE,109.07,108.639999,107.599998,109.07,1412700.0,10.255368
1702,2016-10-10,ADBE,109.150002,109.239998,109.150002,110.129997,1581600.0,10.222976
1703,2016-10-11,ADBE,109.0,107.370003,107.040001,109.199997,1970900.0,10.207995
1704,2016-10-12,ADBE,108.419998,108.050003,106.82,108.419998,1463800.0,10.14448
1705,2016-10-13,ADBE,107.129997,108.010002,106.529999,108.129997,1588500.0,10.08774
1706,2016-10-14,ADBE,108.190002,107.839996,107.82,109.099998,1968000.0,9.995702
1707,2016-10-17,ADBE,108.0,107.489998,107.389999,108.279999,1136500.0,9.946333
1708,2016-10-18,ADBE,108.440002,108.419998,108.010002,108.82,1319000.0,9.949025
1709,2016-10-19,ADBE,108.809998,108.389999,108.150002,108.889999,1281500.0,9.979272
1710,2016-10-20,ADBE,108.410004,109.029999,107.550003,109.379997,1820800.0,10.030841
1711,2016-10-21,ADBE,108.510002,109.029999,107.629997,109.169998,1838300.0,9.992427
1712,2016-10-24,ADBE,109.629997,110.809998,109.349998,111.089996,2014900.0,9.908177
1713,2016-10-25,ADBE,110.760002,109.029999,108.949997,110.769997,1712900.0,9.940724
1714,2016-10-26,ADBE,108.739998,107.970001,107.589996,108.82,1623700.0,9.977118
1715,2016-10-27,ADBE,108.470001,107.07,106.690002,108.660004,2393900.0,9.96841
1716,2016-10-28,ADBE,107.080002,107.599998,107.050003,108.32,1931100.0,9.949025
1717,2016-10-31,ADBE,108.019997,107.510002,107.040001,108.290001,1678400.0,10.034753
1718,2016-11-01,ADBE,107.790001,106.870003,106.040001,107.970001,1951400.0,10.104439
1719,2016-11-02,ADBE,106.849998,105.889999,105.57,106.949997,2140300.0,9.963335
1720,2016-11-03,ADBE,106.540001,107.169998,106.480003,108.160004,3667000.0,9.868355
1721,2016-11-04,ADBE,105.849998,106.199997,105.599998,107.089996,2587500.0,9.804025
1722,2016-11-07,ADBE,107.660004,108.660004,107.370003,108.970001,2729900.0,9.669158
1723,2016-11-08,ADBE,108.68,108.389999,107.93,109.160004,2453700.0,9.662637
1724,2016-11-09,ADBE,105.550003,107.860001,104.519997,108.050003,3650200.0,9.701111
1725,2016-11-10,ADBE,108.080002,104.080002,101.660004,108.260002,7301700.0,9.787653
1726,2016-11-11,ADBE,103.620003,103.68,102.620003,104.470001,3833200.0,9.9018135
1727,2016-11-14,ADBE,104.120003,102.419998,101.769997,104.489998,3040500.0,9.893481
1728,2016-11-15,ADBE,103.139999,103.660004,102.550003,104.760002,2500700.0,9.872608
1729,2016-11-16,ADBE,103.610001,104.080002,102.959999,104.400002,2458200.0,9.909745
1730,2016-11-17,ADBE,103.769997,105.809998,103.480003,105.93,2600400.0,9.918442
1731,2016-11-18,ADBE,106.190002,105.019997,104.720001,106.800003,2354500.0,9.916514
1732,2016-11-21,ADBE,105.559998,105.650002,105.139999,106.139999,1804400.0,9.867954
1733,2016-11-22,ADBE,105.849998,105.209999,105.040001,106.360001,1693800.0,9.850581
1734,2016-11-23,ADBE,105.410004,104.209999,103.980003,105.559998,2134600.0,9.790707
1735,2016-11-25,ADBE,104.169998,105.019997,103.900002,105.029999,937700.0,9.696875
1736,2016-11-28,ADBE,104.809998,104.5,104.089996,105.150002,1541100.0,9.728848
1737,2016-11-29,ADBE,104.269997,104.949997,104.260002,105.980003,2332500.0,9.820069
1738,2016-11-30,ADBE,104.989998,102.809998,102.800003,105.459999,3382600.0,9.847095
1739,2016-12-01,ADBE,102.82,99.510002,98.870003,102.919998,5117800.0,9.7857
1740,2016-12-02,ADBE,99.519997,99.730003,98.0,100.150002,3509400.0,9.787839
1741,2016-12-05,ADBE,100.459999,101.949997,100.160004,102.519997,2315600.0,9.84575
1742,2016-12-06,ADBE,101.989998,101.550003,100.709999,101.989998,2663200.0,9.787623
1743,2016-12-07,ADBE,100.889999,103.360001,100.889999,103.510002,2723600.0,9.71324
1744,2016-12-08,ADBE,103.360001,103.5,102.540001,104.07,1851900.0,9.7822485
1745,2016-12-09,ADBE,104.0,104.309998,103.419998,104.5,2616800.0,9.865265
1746,2016-12-12,ADBE,104.620003,105.160004,103.519997,105.239998,2711400.0,9.854434
1747,2016-12-13,ADBE,105.739998,106.150002,105.620003,107.599998,3359700.0,9.7644825
1748,2016-12-14,ADBE,106.300003,105.809998,105.440002,106.790001,3165300.0,9.705925
1749,2016-12-15,ADBE,106.330002,105.099998,104.599998,106.480003,5484800.0,9.5790415
1750,2016-12-16,ADBE,107.800003,103.550003,101.910004,107.800003,8888200.0,9.482445
1751,2016-12-19,ADBE,103.57,105.290001,103.410004,106.080002,3560800.0,9.535517
1752,2016-12-20,ADBE,105.5,105.769997,104.760002,105.879997,2194100.0,9.571956
1753,2016-12-21,ADBE,105.739998,105.510002,104.480003,106.059998,2507600.0,9.614199
1754,2016-12-22,ADBE,105.120003,104.720001,103.949997,105.150002,1717300.0,9.591527
1755,2016-12-23,ADBE,104.610001,105.019997,104.610001,105.419998,1047500.0,9.506764
1756,2016-12-27,ADBE,105.0,104.980003,104.860001,105.900002,1047400.0,9.452395
1757,2016-12-28,ADBE,104.830002,103.769997,103.5,105.160004,1723500.0,9.426386
1758,2016-12-29,ADBE,103.629997,103.68,103.410004,104.389999,1095000.0,9.347119
1759,2016-12-30,ADBE,104.07,102.949997,102.470001,104.220001,2079100.0,9.26516
